,,,,,,,,Positives,,,,,,,,,,,,,,,Deaths,,,,,,,,,,,,,,,Negatives,,,,,,,,,,,,,,
,,,,,,,,,Race,,,,,,,,,,Ethnicity,,,,,Race,,,,,,,,,,Ethnicity,,,,Race,,,,,,,,,,Ethnicity,,,,
,,Update Time,Source,Update Time (Et),Last Check,Checker,DC,Total,Known White ,Known Black ,Known LatinX / Hispanic,Known Asian,Known AIAN,Known NHPI,Known Multiracial ,Other,Unknown,% Unk.,Known Hispanic,Known Non-Hispanic,Unknown,% Unk.,Total,Known White ,Known Black ,Known LatinX / Hispanic,Known Asian,Known AIAN,Known NHPI,Known Multiracial ,Other,Unknown,% Unk.,Known Hispanic,Known Non-Hispanic,Unknown,% Unk.,Known White ,Known Black ,Known LatinX / Hispanic,Known Asian,Known AIAN,Known NHPI,Known Multiracial ,Other,Unknown,% Unk.,Known Hispanic,Known Non-Hispanic,Unknown,% Unk.,
20200510,AK,,,5/09 0:00,5/10 22:15,SAR,AFG,379,238,9,,45,24,13,12,10,28,7%,35,305,39,10%,10,,,,,,,,,0,,,,10,100%,,,,,,,,,,,,,,,
20200510,AL,,,5/10 0:00,5/10 22:24,SAR,AFG,9889,4333,3789,,61,,,,371,1334,13%,759,7266,1864,19%,393,194,178,,3,,,,5,9,2%,9,341,42,11%,,,,,,,,,,,,,,,
20200510,AR,,,5/10 19:05,5/10 22:36,SAR,AFG,4012,1922,1322,,44,9,53,19,152,300,8%,191,3747,74,2%,82,45,30,,,,0,,4,3,4%,,,82,100%,,,,,,,,,,,,,,,
20200510,AS,,,,,,,,,,,,,,,,,100%,,,,100%,,,,,,,,,,,100%,,,,100%,,,,,,,,,,,,,,,
20200510,AZ,,,5/10 0:00,5/10 22:42,SAR,NW,11119,2631,338,1889,123,1278,,,226,4634,42%,1889,4596,4634,42%,536,240,17,77,5,95,,,7,95,18%,77,364,95,18%,,,,,,,,,,,,,,,
20200510,CA,,,5/09 0:00,5/10 22:50,SAR,NW,66680,10740,2741,22525,4935,84,454,396,2485,22320,51%,22525,21297,22320,33%,2657,891,264,914,417,8,24,14,36,89,3%,914,1654,89,3%,,,,,,,,,,,,,,,
20200510,CO,,,5/10 18:00,5/10 23:01,SAR,NW,19703,7386,1241,6531,559,84,82,175,210,3432,17%,6531,9737,3432,17%,971,619,63,161,37,3,3,10,6,63,7%,161,741,63,7%,,,,,,,,,,,,,,,CO excludes cases and deaths for which races and ethnicity are unknown.
20200510,CT,,,5/09 20:30,5/10 23:06,SAR,NW,33554,10867,4177,5713,486,,,,175,12051,36%,5713,10867,12051,42%,2967,2127,439,256,30,,,,14,89,3%,256,2127,89,4%,,,,,,,,,,,,,,,
20200510,DC,,,5/10 10:00,5/10 23:19,SAR,nw++,6272,970,2919,,83,14,17,,1124,891,14%,1370,3523,1379,22%,323,35,252,29,5,,,,2,0,0%,29,294,0,0%,,,,,,,,,,,,,,,
20200510,DE,,,5/09 18:00,5/10 23:25,SAR,BL,6447,1701,1799,1650,97,,,,371,829,13%,1650,3968,829,13%,224,132,58,13,1,,,,3,17,8%,13,194,17,8%,10887,5032,1548,373,,,,1792,4960,20%,1548,18084,4960,20%,
20200510,FL,,,5/10 10:00,5/10 22:25,NW,SAR,39514,11254,7436,12722,,,,,1603,6499,16%,12722,18789,8003,20%,1721,859,363,363,,,,,60,76,4%,363,1205,153,9%,,,,,,,,,,,,,,,
20200510,GA,,,5/10 21:25,5/10 22:29,NW,SAR,33836,8437,11763,3374,468,32,13,,556,9193,27%,3374,17565,12897,38%,1405,602,693,48,26,3,2,,9,22,2%,48,1325,32,2%,,,,,,,,,,,,,,,
20200510,GU,,,5/12 1:00,5/11 0:20,NW,BL,151,,,,61,,70,,20,,0%,,,,0%,5,,,,,,,,,5,100%,,,5,100%,,,,,,,,,,,,,,,
20200510,HI,,,5/07 18:00,5/10 22:15,NW,SAR,632,158,5,,170,,76,158,11,41,7%,,,,,17,,,,,,,,,17,100%,,,,,,,,,,,,,,,,,,,
20200510,IA,,,5/09 0:00,05/10 23:00,NW,AFG,11957,6581,1559,,1223,,,,200,2394,20%,2946,6835,2176,18%,265,210,15,,7,1,5,,,26,10%,16,215,33,13%,,,,,,,,,,,,,,,
20200510,ID,,,5/09 19:00,5/10 23:07,NW,AFG,2230,1160,24,,38,21,3,68,206,708,32%,336,1101,792,36%,67,62,1,,2,,,,,2,3%,4,61,2,3%,,,,,,,,,,,,,,,
20200510,IL,,,5/10 0:00,5/10 23:17,NW,AFG,77741,16390,14369,20839,2408,126,123,,3142,20344,26%,20839,36558,20344,26%,3406,1450,1106,554,147,6,2,,27,27,1%,554,2738,114,3%,83605,29210,15847,5462,210,123,,15119,202667,58%,15847,118610,202667,60%,
20200510,IN,,,5/09 23:59,5/10 23:23,NW,BL,24126,10398,3353,,337,,,,3739,6296,26%,2533,8878,12714,53%,1379,860,220,,6,,,,158,131,10%,20,755,602,44%,,,,,,,,,,,,,,,
20200510,KS,,,5/10 10:00,5/10 23:35,NW,BL,6984,3975,723,,394,23,,,164,1705,24%,2574,2768,1642,24%,157,99,47,,9,1,,,1,0,0%,10,132,15,10%,21688,1976,,519,165,,,1705,19937,43%,2991,18849,24150,53%,
20200510,KY,,,5/09 0:00,5/10 23:56,NW,BL,6440,3649,679,,0,3,0,4,,2105,33%,603,4117,1720,27%,304,211,50,,5,,,2,,36,12%,5,247,52,17%,,,,,,,,,,,,,,,
20200510,LA,,,5/04 0:00,5/10 23:00,BL,AFG,31600,,,,,,,,,31600,100%,,,,,2213,833,1184,,16,0,4,,16,157,7%,36,1647,528,24%,,,,,,,,,,,,,,,
20200510,MA,,,5/10 16:00,5/10 22:17,BL,AFG,77793,19059,6456,11902,1322,,,,3111,35862,46%,11902,29948,35862,46%,4979,1911,253,293,84,,,,154,2280,46%,293,2402,2280,46%,,,,,,,,,,,,,,,
20200510,MD,,,5/10 10:00,5/10 22:23,BL,AFG,32587,7018,10623,6686,664,,,,1187,6409,20%,6686,19492,6409,20%,1538,637,631,109,51,,,,22,88,6%,109,1341,88,6%,,,,,,,,,,,,,,,
20200510,ME,,,5/10 11:30,5/10 22:28,BL,AM,1436,829,73,,20,2,,2,26,484,34%,32,781,623,43%,64,,,,,,,,,64,100%,,,,,,,,,,,,,,,,,,,
20200510,MI,,,5/10 11:00,05/10 22:35,BL,AFG,47138,16498,15084,,942,235,,3771,2356,8484,18%,2356,29225,15555,33%,4570,2229,1865,,45,22,,91,91,227,5%,91,3595,864,19%,,,,,,,,,,,,,,,
20200510,MN,,,5/09 17:00,5/10 22:39,BL,SAR,11271,3832,1916,,450,112,56,112,1127,3719,33%,1577,5410,4282,38%,578,387,34,,11,5,0,5,2,132,23%,11,398,161,28%,,,,,,,,,,,,,,,
20200510,MO,,,5/10 15:00,5/10 22:48,BL,SAR,9844,4036,3248,,,,,196,492,1870,19%,689,6497,2657,27%,482,197,159,,,,,9,24,91,19%,9,390,81,17%,,,,,,,,,,,,,,,
20200510,MP,,,5/09 0:00,5/10 23:49,SPA,SAR,16,,,,,,,,,16,100%,,,,,2,,,,,,,,,2,100%,,,,,,,,,,,,,,,,,,,
20200510,MS,,,5/09 19:00,5/11 0:22,SPA,SAR,9501,2588,4475,504,,,,,184,17,0%,504,7247,17,0%,430,152,203,5,,,,,1,0,0%,5,356,0,0%,,,,,,,,,,,,,,,
20200510,MT,,,5/06 12:00,5/11 0:21,ATB,SAR,458,420,2,,1,24,,,2,9,2%,8,428,22,5%,16,12,,,,4,,,,,0%,,,,,,,,,,,,,,,,,,,
20200510,NC,,,5/10 11:00,5/10 22:40,ATB,SAR,14764,5761,3808,,273,105,22,,906,3889,26%,2446,7316,5002,34%,547,312,177,,6,1,1,,20,30,5%,20,440,87,16%,,,,,,,,,,,,,,,
20200510,ND,,,,5/10 22:19,ATB,SAR,1491,,,,,,,,,1491,100%,,,,,35,,,,,,,,,35,100%,,,,,,,,,,,,,,,,,,,
20200510,NE,,,,5/10 22:21,ATB,SAR,8315,,,,,,,,,8315,100%,,,,,98,,,,,,,,,98,100%,,,,,,,,,,,,,,,,,,,
20200510,NH,,,5/04 0:00,5/10 22:30,ATB,SAR,3071,1479,105,143,59,,,,149,1136,37%,,,,,133,54,0,4,0,,,,1,74,56%,,,,,,,,,,,,,,,,,,,
20200510,NJ,,,5/10 13:00,5/10 22:31,ATB,AFG,138532,,,,,,,,,138532,100%,,,,,9255,4354,1578,1446,446,,,,438,993,11%,1446,6816,993,11%,,,,,,,,,,,,,,,
20200510,NM,,,5/10 19:50,5/10 22:37,ATB,AFG,4863,696,150,1029,42,2773,,,,134,3%,1029,3661,134,3%,200,,,,,,,,,200,100%,,,,,,,,,,,,,,,,,,,
20200510,NV,,,,5/10 22:47,ATB,AFG,6098,,,,,,,,,6098,100%,,,,,306,,,,,,,,,306,100%,,,,,,,,,,,,,,,,,,,
20200510,NY,,,5/10 0:00,5/10 23:02,ATB,AFG,335395,,,,,,,,,335395,100%,,,,,21478,5423,3409,3738,845,,,,575,7485,35%,3738,5868,5222,35%,,,,,,,,,,,,,,,
20200510,OH,,,5/10 14:00,5/10 22:20,JDL,AFG,24081,12337,6144,,415,20,49,799,1448,2869,12%,1303,15606,7172,30%,1341,1017,218,,10,,,15,10,71,5%,18,1220,103,8%,,,,,,,,,,,,,,,
20200510,OK,,,5/10 0:00,5/10 22:40,JDL,BL,4589,3194,315,,104,311,,,185,480,10%,637,3322,628,14%,272,206,22,,2,21,,,7,12,4%,5,239,27,10%,,,,,,,,,,,,,,,
20200510,OR,,,5/10 11:00,5/10 22:48,JDL,BL,2742,1456,69,,100,45,27,58,700,773,24%,797,1641,790,24%,109,81,5,,6,2,1,1,6,25,20%,7,88,32,25%,,,,,,,,,,,,,,,
20200510,PA,,,5/10 0:00,5/10 22:53,JDL,BL,56611,13526,6411,,682,,,,284,35708,63%,,,,,3707,1357,388,,40,,,,11,1911,52%,,,,,,,,,,,,,,,,,,,
20200510,PR,,,5/10 2:51,5/10 22:55,JDL,BL,2198,,,,,,,,,2198,100%,,,,,111,,,,,,,,,111,100%,,,,,,,,,,,,,,,,,,,
20200510,RI,,,5/10 12:00,5/10 23:01,JDL,BL,11274,3764,1254,4246,,,,0,386,1624,14%,4246,5404,1624,14%,422,269,20,44,,,,0,6,83,20%,44,295,83,20%,,,,,,,,,,,,,,,
20200510,SC,,,5/10 16:30,5/10 23:07,JDL,BL,7653,2966,3034,0,67,,,,269,1317,17%,450,5083,2120,28%,331,161,122,,3,,,,3,42,13%,,,,,,,,,,,,,,,,,,,
20200510,SD,,,5/09 18:00,5/10 23:13,JDL,BL,3517,1058,761,611,427,198,,,462,,0%,611,2906,,,34,,,,,,,,,34,100%,,,,,,,,,,,,,,,,,,,
20200510,TN,,,5/10 15:00,5/10 22:12,SPA,BL,14985,6016,3087,,342,,,,1062,4478,30%,1715,7843,5427,36%,243,146,76,,6,,,,7,8,3%,8,225,10,4%,,,,,,,,,,,,,,,
20200510,TX,,,5/10 16:35,5/10 22:26,SPA,BL,38869,3864,2119,5429,483,,,,92,26882,69%,5429,6558,26882,69%,1088,176,66,117,6,,,,1,722,66%,117,249,722,66%,,,,,,,,,,,,,,,
20200510,UT,,,5/10 15:00,5/10 22:40,SPA,BL,6251,2496,172,,145,176,183,,658,667,15%,2365,3219,667,11%,67,,,,,,,,,67,100%,,,,,,,,,,,,,,,,,,,
20200510,VA,,,5/09 17:00,5/10 22:51,SPA,BL,24081,8075,4031,,,,,,4742,7233,30%,6476,9329,8276,34%,839,451,187,,,,,,92,109,13%,55,599,185,22%,,,,,,,,,,,,,,,
20200510,VI,,,5/09 7:06,5/10 22:55,SPA,SAR,69,,,,,,,,,69,100%,,,,,4,,,,,,,,,4,100%,,,,,,,,,,,,,,,,,,,
20200510,VT,,,5/10 0:00,5/10 23:03,SPA,SAR,927,808,20,,10,1,,,16,72,8%,20,773,134,14%,53,49,,,2,,,,2,0,0%,0,51,2,4%,,,,,,,,,,,,,,,
20200510,WA,,,5/10 2:59,5/10 23:18,SPA,SAR,16891,5034,795,3718,946,128,229,217,213,5611,33%,3718,7562,5611,33%,931,622,28,75,79,7,5,10,19,86,9%,75,770,86,9%,,,,,,,,,,,,,,,
20200510,WI,,,5/10 0:00,5/10 23:25,SPA,BL,10219,5504,2111,,365,119,,,1059,1061,10%,3070,6014,1135,11%,400,266,117,,6,5,,,2,4,1%,32,362,6,2%,,,,,,,,,,,,,,,
20200510,WV,,,5/10 17:00,5/10 23:33,SPA,BL,1362,1101,99,,,,,,159,3,0%,,,,,50,2,1,,,,,,,47,94%,,,,,,,,,,,,,,,,,,,
20200510,WY,,,5/10 16:00,5/10 23:41,SPA,BL,504,247,8,66,5,149,,,15,39,7%,66,424,39,7%,7,,,,,,,,,7,100%,,,,,,,,,,,,,,,,,,,
20200506,AK,5/5 0:00,,5/5 0:00,5/06 22:13,RL,AM,372,225,9,,44,22,13,11,9,39,10%,32,277,63,17%,,,,,,,,,,,,,,,,,,,,,,,,,,,,,,(4/29 SPA) The dashboard no longer holds data regarding Ethinicity and Death.
20200506,AL,5/6 0:00,,5/6 0:00,5/6 22:19,RL,AM,8691,3877,3351,,57,,,,304,1102,13%,601,6493,1597,18%,343,170,155,,3,,,,5,8,2%,8,297,37,11%,,,,,,,,,,,,,,,#REF!
20200506,AR,5/05 11:00,,5/05 12:00,5/6 22:26,RL,AM,3496,1804,1181,,43,9,40,16,114,289,8%,,,,,82,48,28,,,,1,,4,1,1%,,,,,,,,,,,,,,,,,,,#REF!
20200506,AS,,,,,,,,,,,,,,,,,,,,,,,,,,,,,,,,,,,,,,,,,,,,,,,,,,,
20200506,AZ,5/06 00:00,,5/06 00:00,5/06 22:32,RL,AM,9707,2388,301,1574,108,1144,,,195,3997,41%,1574,4136,3997,41%,426,195,13,65,5,80,,,7,61,14%,65,300,61,14%,,,,,,,,,,,,,,,
20200506,CA,5/5 0:00,,5/5 0:00,5/6 22:26,AGN,AM,58815,9998,2456,19333,4519,74,428,339,2365,19303,33%,19333,20179,19303,33%,2325,766,230,784,371,8,21,9,39,97,4%,784,1541,,0%,,,,,,,,,,,,,,,
20200506,CO,5/06 04:00,,5/06 06:00,5/06 22:29,AGN,AM,17830,8424,1346,6907,520,89,96,263,181,,,6907,10919,,,921,632,64,167,33,3,5,8,5,,0%,167,750,,0%,,,,,,,,,,,,,,,CO excludes cases/deaths for which races/ethnicity are unknown
20200506,CT,5/06 15:00,,5/05 08:30,5/06 22:44,AGN,AM,30995,10178,3790,5194,448,,,,164,11146,36%,5194,10178,11146,42%,2718,1943,409,240,26,,,,15,74,3%,240,1943,74,3%,,,,,,,,,,,,,,,
20200506,DC,5/05 00:00,,5/05 00:00,5/06 23:04,AGN,AM,5461,847,2550,,73,14,10,,1124,843,15%,1254,3083,1206,22%,277,29,220,21,5,,,,2,0,0%,21,256,0,0%,,,,,,,,,,,,,,,
20200506,DE,5/06 15:35,,5/06 15:35,5/06 22:17,MEB,AFG,5778,1508,1604,1383,1,,,,335,862,15%,1383,3533,862,15%,193,111,53,8,1,,,,3,17,9%,8,168,17,9%,9783,4117,1136,336,,,1417,,3901,19%,1136,15653,3901,19%,
20200506,FL,5/06 07:45,,5/06 07:45,5/06 22:23,MEB,AFG,37020,10395,6667,11514,,,,,1543,6901,19%,11514,17229,8277,22%,1539,758,324,324,,,,,55,78,5%,324,1065,150,10%,,,,,,,,,,,,,,,
20200506,GA,5/06 17:25,,5/06 17:25,5/06 22:30,MEB,AFG,30738,9390,11143,,451,41,15,,1694,8004,26%,3082,16608,11048,36%,1327,589,652,,25,2,3,,26,30,2%,48,1228,51,4%,,,,,,,,,,,,,,,"Download ZIP file with CSVs, copy the data from the demographics.csv
Be sure to double-check that the categories are matching correctly from columns I-J to columns D-E because sometimes the order of categories shifts."
20200506,GU,,,,,,,,,,,,,,,,,,,,,,,,,,,,,,,,,,,,,,,,,,,,,,,,,,,
20200506,HI,4/30 00:00,,4/30 00:00,5/06 22:32,MEB,AFG,656,178,5,,189,,80,149,11,44,7%,,,,,,,,,,,,,,,,,,,,,,,,,,,,,,,,,,
20200506,IA,5/5 10:00,,5/5 12:00,05/06 23:01,MEB,AFG,10392,5545,1352,,915,,,,208,2372,23%,2382,5805,2216,21%,207,161,15,,7,1,4,,,19,9%,14,167,26,13%,,,,,,,,,,,,,,,
20200506,ID,5/6 17:00,,5/6 19:00,5/06 23:24,MEB,AFG,2158,1118,21,,32,19,3,64,194,,0%,315,1059,,0%,66,59,1,,2,,,,,4,6%,4,58,4,6%,,,,,,,,,,,,,,,
20200506,IL,5/6 0:00,,5/6 0:00,5/06 23:30,MEB,NW,68232,14809,13277,17240,2203,99,73,,2766,17765,26%,17240,33227,17765,26%,2974,1262,998,457,124,5,3,,25,25,1%,457,2417,100,3%,68299,24786,10973,4652,176,112,,12795,171235,58%,10973,98025,171235,61%,
20200506,IN,5/6 17:00,,5/6 17:00,5/6 22:19,SPA,AM,21870,9666,3127,,328,,,,3346,5423,25%,2187,8157,11547,53%,1264,803,206,,7,,,,137,108,9%,16,704,543,43%,,,,,,,,,,,,,,,"Cntrl+F ""Demographic Distributions"" and copy from the charts."
20200506,KS,5/06 09:00,,5/06 09:00,5/06 22:31,SPA,NW,5734,3382,613,,275,18,,,150,1296,23%,2044,2378,1312,23%,144,92,46,,0,1,,,0,5,3%,8,124,12,8%,16996,1552,,360,137,,,1277,16058,44%,2141,14769,19470,54%,
20200506,KY,5/6 0:00,,5/6 0:00,5/06 22:47,SPA,AM,5934,3375,628,,3,0,0,2,,1926,32%,518,3835,1581,27%,283,197,45,,5,,,2,,34,12%,3,231,49,17%,,,,,,,,,,,,,,,
20200506,LA,5/06 00:00,,5/06 00:00,5/06 22:55,SPA,BL,,,,,,,,,,,,,,,,2064,833,1184,,16,0,4,,16,8,0%,36,1647,379,18%,,,,,,,,,,,,,,,
20200506,MA,5/06 00:00,,5/06 00:00,5/06 23:08,SPA,BL,72025,16925,5257,9363,1152,,,,2592,36804,51%,9363,25926,36804,51%,4420,1688,243,238,79,,,,132,2042,46%,238,2142,2042,46%,,,,,,,,,,,,,,,
20200506,MD,5/6 10:00,,5/6 10:00,5/06 23:19,SPA,AM,28163,6280,9648,5394,580,,,,986,5275,19%,5394,17494,5275,19%,1338,562,542,91,48,,,,17,78,6%,91,1169,78,6%,,,,,,,,,,,,,,,
20200506,ME,5/06 15:30,,5/06 15:30,5/06 22:16,SAR,NW,1254,829,73,,20,2,,2,26,302,24%,32,781,441,35%,,,,,,,,,,,,,,,,,,,,,,,,,,,,,,
20200506,MI,5/06 14:00,,5/06 15:00,05/06 22:23,SAR,AM,45054,15318,14417,,901,225,,3153,1802,9010,20%,2252,27482,15318,34%,4270,2040,1742,,42,21,,85,85,255,6%,85,3357,807,19%,,,,,,,,,,,,,,,
20200506,MN,5/06 11:00,,5/06 12:00,5/06 22:27,SAR,AM,8579,3174,1372,,343,85,4289,171,772,2745,21%,1201,4203,3174,37%,485,334,24,,4,4,0,4,2,106,22%,9,344,126,26%,,,,,,,,,,,,,,,
20200506,MO,5/06 14:00,,5/06 15:00,5/06 22:36,SAR,AM,9102,3731,2821,,,,,273,364,1911,21%,546,5825,2730,30%,396,162,122,,,,,11,15,83,21%,15,297,83,21%,,,,,,,,,,,,,,,
20200506,MP,,,,,,,,,,,,,,,,,,,,,,,,,,,,,,,,,,,,,,,,,,,,,,,,,,,
20200506,MS,5/05 18:00,,5/05 19:00,5/06 23:05,SAR,AM,8424,2290,3878,427,,,,,262,1567,19%,,,,,374,129,170,5,,,,,6,64,17%,,,,,,,,,,,,,,,,,,,
20200506,MT,5/06 10:00,,5/06 12:00,5/06 22:50,SAR,AM,456,421,2,,1,24,,,2,6,1%,8,427,21,5%,,12,,,,4,,,,,0%,,,,,,,,,,,,,,,,,,,
20200506,NC,5/06 10:45,,5/06 10:45,5/06 22:54,SAR,AM,12758,4979,3451,,228,83,21,,725,3271,26%,1840,6586,4332,34%,477,273,158,,6,1,1,,15,23,5%,17,387,73,15%,,,,,,,,,,,,,,,
20200506,ND,,,,,,,,,,,,,,,,,,,,,,,,,,,,,,,,,,,,,,,,,,,,,,,,,,,
20200506,NE,,,,,,,,,,,,,,,,,,,,,,,,,,,,,,,,,,,,,,,,,,,,,,,,,,,
20200506,NH,4/27 00:00,,4/27 00:00,5/06 22:57,SAR,AM,1938,1205,86,103,49,,,,82,413,21%,,,,,60,36,0,3,0,,,,1,20,33%,,,,,,,,,,,,,,,,,,,
20200506,NJ,5/03 13:00,,5/03 13:00,5/06 22:19,BL,AM,,,,,,,,,,,,,,,,8549,3420,1282,1125,347,,,,340,2035,24%,1125,5389,2035,24%,,,,,,,,,,,,,,,
20200506,NM,5/06 16:01,,5/06 18:01,5/06 22:24,BL,NW,4291,659,135,898,42,2394,,,,133,3%,898,3230,133,3%,,,,,,,,,,,,,,,,,,,,,,,,,,,,,,
20200506,NV,,,,,,,,,,,,,,,,,,,,,,,,,,,,,,,,,,,,,,,,,,,,,,,,,,,
20200506,NY,5/06 14:00,,5/06 14:00,5/06 22:35,BL,NW,,,,,,,,,,,,,,,,20597,5200,3262,3595,815,,,,553,7170,35%,3595,5668,5044,35%,,,,,,,,,,,,,,,
20200506,OH,5/06 14:00,,5/06 14:00,5/6 23:26,BL,RV,21576,11143,5543,,349,17,32,749,1218,2525,12%,1046,13850,6680,31%,1225,906,192,,7,,,19,11,90,7%,17,1065,143,12%,,,,,,,,,,,,,,,
20200506,OK,5/06 00:00,,5/06 00:00,5/06 22:45,BL,AM,4201,2994,271,,91,291,,,160,394,9%,541,3096,562,13%,253,193,21,,2,19,,,7,11,4%,5,221,26,10%,,,,,,,,,,,,,,,
20200506,OR,5/05 08:00,,5/05 11:00,5/06 22:54,BL,AM,2742,1456,69,,100,45,27,58,700,287,10%,797,1641,304,11%,109,81,5,,6,2,1,1,6,7,6%,7,88,14,13%,,,,,,,,,,,,,,,
20200506,PA,5/06 00:00,,5/06 00:00,5/06 22:55,BL,AM,51845,11937,5700,,613,,,,254,33341,64%,,,,,3106,1147,317,,34,,,,10,1598,51%,,,,,,,,,,,,,,,,,,,
20200506,PR,,,,,,,,,,,,,,,,,,,,,,,,,,,,,,,,,,,,,,,,,,,,,,,,,,,
20200506,RI,5/06 12:00,,5/06 12:00,5/6 23:19,BL,RV,9652,3764,1254,4246,,,,0,386,2,0%,4246,5404,2,0%,341,269,20,44,,,,0,6,2,1%,44,295,2,1%,,,,,,,,,,,,,,,
20200506,SC,5/6 16:20,,5/6 16:20,5/06 23:11,BL,RV,6936,2752,2752,0,62,,,,250,1120,16%,418,4717,1801,26%,305,129,126,,0,,,,8,42,14%,,,,,,,,,,,,,,,,,,,
20200506,SD,5/05 17:00,,5/05 18:00,5/06 23:22,BL,RV,2779,932,511,504,309,157,,,366,,0%,504,2275,,0%,,,,,,,,,,,,,,,,,,,,,,,,,,,,,,"Scroll down to 'COVID-19 IN SOUTH DAKOTA' and click on demographics tab (in the middle)
Hover over the bars to get numbers (rather than %s)"
20200506,TN,5/06 14:00,,5/06 15:00,5/6 22:14,RV,NW,13938,5575,2854,,320,,,,937,4252,31%,1369,7386,5183,37%,239,145,72,,6,,,,5,11,5%,8,218,13,5%,,,,,,,,,,,,,,,
20200506,TX,5/06 12:20,,5/06 13:20,5/06 22:26,RV,NW,34422,3462,1885,4695,461,,,,85,23834,69%,4695,7618,23834,66%,948,164,60,98,6,,,,1,619,65%,98,345,619,58%,,,,,,,,,,,,,,,
20200506,UT,5/06 13:00,,5/06 15:00,5/06 22:31,RV,NW,5595,2299,141,,131,150,143,,582,616,15%,2069,2910,616,11%,,,,,,,,,,,,,,,,,,,,,,,,,,,,,,
20200506,VA,5/04 17:00,,5/04 17:00,5/06 22:38,RV,NW,20256,6934,3593,,,,,,3544,6185,31%,4963,8007,7286,36%,713,377,164,,,,,,69,103,14%,40,497,176,25%,,,,,,,,,,,,,,,
20200506,VI,,,,,,,,,,,,,,,,,,,,,,,,,,,,,,,,,,,,,,,,,,,,,,,,,,,
20200506,VT,5/06 10:17,,5/06 10:17,5/06 22:44,RV,NW,908,794,19,,10,1,,,18,66,7%,20,759,129,14%,52,45,,,2,,,,5,0,0%,1,48,3,6%,,,,,,,,,,,,,,,
20200506,WA,5/05 23:59,,5/06 02:59,5/06 22:53,RV,NW,15905,4773,730,3179,951,157,200,1,195,5719,36%,3179,7007,5719,36%,870,587,26,65,76,7,4,10,16,79,9%,65,726,79,9%,,,,,,,,,,,,,,,Scroll down for table view of confirmed cases and deaths by race/ethnicity
20200506,WI,5/06 00:00,,5/06 00:00,5/06 22:57,RV,NW,8901,4751,1903,,319,90,,,867,971,11%,2539,5311,1051,12%,362,235,109,,6,4,,,3,5,1%,30,323,9,2%,,,,,,,,,,,,,,,
20200506,WV,5/06 17:00,,5/06 17:00,5/06 22:59,RV,NW,1276,1041,93,,,,,,137,5,0%,,,,,,,,,,,,,,,,,,,,,,,,,,,,,,,,,,
20200506,WY,5/06 12:27,,5/06 15:27,5/06 23:05,RV,NW,436,244,8,,4,128,,,14,38,9%,63,398,38,8%,,,,,,,,,,,,,,,,,,,,,,,,,,,,,,
20200503,AK,,,5/03 14:00,5/03 22:16,SAR,AM,368,216,8,,44,22,10,11,9,48,13%,30,265,73,20%,,,,,,,,,,,,,,,,,,,,,,,,,,,,,,(4/29 SPA) The dashboard no longer holds data regarding Ethinicity and Death.
20200503,AL,,,5/03 0:00,5/3 22:27,SAR,AM,7888,3518,3002,,56,,,,241,1068,14%,459,5871,1557,20%,290,145,129,,2,,,,2,8,3%,8,254,28,10%,,,,,,,,,,,,,,,#REF!
20200503,AR,,,5/03 3:40,5/3 22:42,SAR,AM,3431,1762,1139,,41,9,37,15,108,320,9%,,,,,76,44,25,,1,0,0,,2,4,5%,,,,,,,,,,,,,,,,,,,#REF!
20200503,AS,,,,,,,,,,,,,,,,,,,,,,,,,,,,,,,,,,,,,,,,,,,,,,,,,,,
20200503,AZ,,,5/03 0:00,5/03 22:53,SAR,AM,8640,2243,278,1407,96,1056,,,172,3388,39%,1407,3845,3388,39%,362,167,12,54,4,70,,,8,47,13%,54,261,47,13%,,,,,,,,,,,,,,,
20200503,CA,,,5/02 0:00,5/3 23:05,SAR,AM,53616,9449,2289,17127,4244,70,412,309,2151,17565,33%,17127,18924,17565,33%,2138,721,214,704,345,7,20,8,35,84,4%,704,1434,,0%,,,,,,,,,,,,,,,
20200503,CO,,,5/03 18:00,5/03 22:14,NW,AM,16653,8129,1260,6278,434,83,89,223,154,,,6278,33948,,,842,588,53,150,30,2,5,8,3,,0%,150,1221,,0%,,,,,,,,,,,,,,,Colorado excludes cases/deaths for which races/ethnicity are unknown
20200503,CT,,,5/03 16:00,5/03 22:21,NW,AM,29287,9370,3435,4597,421,,,,215,11249,38%,4597,13441,11249,38%,2495,1797,371,218,22,,,,24,63,3%,218,2214,63,3%,,,,,,,,,,,,,,,
20200503,DC,,,5/02 0:00,5/03 22:30,NW,AM,5016,789,2341,,72,13,10,990,,801,16%,954,2854,1189,24%,251,27,198,19,5,,,,2,0,0%,19,232,0,0%,,,,,,,,,,,,,,,
20200503,DE,,,5/03 12:34,5/03 22:36,NW,AM,5208,1349,1455,1148,1,,,295,,883,17%,1148,3177,883,17%,177,102,46,7,1,,,3,,18,10%,7,152,18,10%,8926,3721,1029,307,,,1138,,3408,18%,1029,14092,3408,18%,
20200503,FL,,,5/03 9:35,5/03 22:39,NW,AM,35158,18070,6584,,,,,,3002,7502,21%,10639,16045,8474,24%,,,,,,,,,,,,,,,,,,,,,,,,,,,,,,
20200503,GA,,,5/03 22:35,5/03 23:22,NW,RV,28661,8491,10327,,409,37,12,,1476,7909,28%,2662,15229,10770,38%,1181,500,610,,22,2,0,,20,27,2%,37,1088,56,5%,,,,,,,,,,,,,,,"Download ZIP file with CSVs, copy the data from the demographics.csv"
20200503,GU,,,,,,,,,,,,,,,,,,,,,,,,,,,,,,,,,,,,,,,,,,,,,,,,,,,
20200503,HI,,,4/30 0:00,5/03 23:24,NW,RV,656,178,5,,189,,80,149,11,44,7%,,,,,,,,,,,,,,,,,,,,,,,,,,,,,,,,,,
20200503,IA,,,5/02 12:00,05/03 22:22,SPA,AM,9175,4813,1182,,,,788,,174,2218,24%,2044,5033,2081,23%,,,,,,,,,,,,,,,,,,,,,,,,,,,,,,
20200503,ID,,,5/02 0:00,5/03 22:33,SPA,BL,,,,,,,,,,,,,,,,64,60,1,,2,,,,,1,2%,5,58,1,2%,,,,,,,,,,,,,,,
20200503,IL,,,5/03 0:00,5/03 22:46,SPA,BL,61499,13566,12240,14502,2001,82,67,,2524,16517,27%,14502,30480,16517,27%,2618,1096,904,379,111,3,3,,30,30,1%,379,2147,92,4%,59765,22509,9087,4112,162,98,,11408,150673,58%,9087,86646,150673,61%,"4/22 BL: Tested figures have gone down for all race categories except ""Left blank."""
20200503,IN,,,5/03 13:00,5/3 22:53,SPA,BL,19933,9149,2970,,298,,,,2950,4564,23%,1853,7614,10464,53%,1132,724,191,,4,,,,127,84,7%,15,630,485,43%,,,,,,,,,,,,,,,
20200503,KS,,,5/03 10:00,5/03 23:05,SPA,BL,5030,2984,535,,224,17,,,138,1132,23%,1803,2115,1112,22%,134,84,41,,0,1,,,0,8,6%,5,113,16,12%,14490,1285,,318,121,,,1050,14484,46%,1830,12704,17214,54%,
20200503,KY,,,5/03 0:00,5/03 23:14,SPA,BL,5130,2984,532,,3,0,0,2,,1609,31%,421,3378,1331,26%,253,173,40,,4,,,2,,34,13%,2,204,47,19%,,,,,,,,,,,,,,,
20200503,LA,,,4/27 0:00,5/03 23:25,SPA,BL,,,,,,,,,,,,,,,,1670,638,973,,13,0,4,,14,24,1%,27,1269,372,22%,,,,,,,,,,,,,,,
20200503,MA,,,5/03 10:00,5/03 23:13,RV,AFG,68087,15455,4902,8442,1021,,,,2383,35881,53%,8442,23761,35881,53%,4004,1477,216,216,72,,,,116,1905,48%,216,1881,1905,48%,,,,,,,,,,,,,,,4/22 BL: MA is also reporting race data for hospitalizations
20200503,MD,,,5/03 10:00,5/03 23:07,RV,AM,25462,5698,8871,4625,530,,,,989,4749,19%,4625,16088,4749,19%,1182,486,500,78,39,,,,18,61,5%,78,1043,61,5%,,,,,,,,,,,,,,,
20200503,ME,,,4/29 12:45,5/03 23:04,RV,AM,1185,731,41,,13,1,,2,18,379,32%,23,665,497,42%,,,,,,,,,,,,,,,,,,,,,,,,,,,,,,
20200503,MI,,,5/03 11:00,5/03 22:56,RV,AM,43754,14438,14001,,875,218,,3062,1750,9188,21%,1750,26252,15751,36%,4065,1943,1660,,40,20,,80,80,242,6%,80,3158,809,20%,,,,,,,,,,,,,,,
20200503,MN,,,5/02 17:00,5/03 22:10,RV,AM,6663,2731,999,,266,66,33,133,666,1865,28%,932,3531,2198,33%,419,289,16,,4,4,0,4,2,96,23%,8,289,117,28%,,,,,,,,,,,,,,,
20200503,MO,,,5/03 15:00,5/03 22:14,RV,AM,8386,3438,2515,,,,,251,251,1928,23%,503,5199,2683,32%,352,144,105,,,,,10,10,80,23%,17,249,84,24%,,,,,,,,,,,,,,,
20200503,MP,,,,,,,,,,,,,,,,,,,,,,,,,,,,,,,,,,,,,,,,,,,,,,,,,,,
20200503,MS,,,5/02 19:00,5/03 22:20,RV,AM,7550,2504,3951,,,,,,802,293,4%,,,,,303,130,171,,,,,,2,0,0%,,,,,,,,,,,,,,,,,,,
20200503,MT,,,5/03 12:00,5/03 22:23,RV,AM,455,422,2,,1,23,,,2,5,1%,8,427,20,4%,,,,,,,,,,,,,,,,,,,,,,,,,,,,,,
20200503,NC,,,5/03 11:00,5/03 22:33,RV,AM,11664,4526,3221,,208,62,22,,613,3012,26%,1486,6149,4029,35%,422,244,135,,5,1,1,,11,25,6%,11,346,65,15%,,,,,,,,,,,,,,,
20200503,ND,,,,,,,,,,,,,,,,,,,,,,,,,,,,,,,,,,,,,,,,,,,,,,,,,,,
20200503,NE,,,,,,,,,,,,,,,,,,,,,,,,,,,,,,,,,,,,,,,,,,,,,,,,,,,
20200503,NH,,,4/27 0:00,5/03 22:36,RV,AM,1938,1205,86,103,49,,,,82,413,21%,,,,,60,36,0,3,0,,,,1,20,33%,,,,,,,,,,,,,,,,,,,
20200503,NJ,,,5/03 13:00,5/03 22:46,RV,AM,,,,,,,,,,,,,,,,7871,3420,1282,1125,347,,,,340,1357,51%,1125,5389,1357,17%,,,,,,,,,,,,,,,
20200503,NM,,,5/03 17:58,5/03 22:49,RV,AM,3850,608,106,762,51,2056,,,,235,6%,762,2821,235,6%,,,,,,,,,,,,,,,,,,,,,,,,,,,,,,
20200503,NV,,,,,,,,,,,,,,,,,,,,,,,,,,,,,,,,,,,,,,,,,,,,,,,,,,,
20200503,NY,,,5/03 14:00,5/03 22:18,BL,AFG,,,,,,,,,,,,,,,,19189,4974,3116,3443,784,,,,526,6346,33%,,,,,,,,,,,,,,,,,,,
20200503,OH,,,5/03 14:00,5/3 23:33,BL,RV,19914,10337,5083,,302,21,17,705,1118,2331,12%,886,12720,6308,32%,1038,764,172,,3,,,16,7,76,7%,15,909,114,11%,,,,,,,,,,,,,,,
20200503,OK,,,5/03 0:00,5/03 22:29,BL,AM,3972,2780,247,,84,275,,148,,438,,,,,,238,183,21,,2,18,,6,,8,3%,,,,,,,,,,,,,,,,,,,
20200503,OR,,,4/29 11:00,5/03 22:33,BL,AM,2345,1280,58,,80,29,26,51,556,265,11%,638,1424,283,12%,,,,,,,,,,,,,,,,,,,,,,,,,,,,,,
20200503,PA,,,5/03 12:00,5/03 22:39,BL,NW,49267,10889,5280,,556,,,,236,32306,66%,,,,,2444,908,242,,28,,,,8,1258,51%,,,,,,,,,,,,,,,,,,,
20200503,PR,,,,,,,,,,,,,,,,,,,,,,,,,,,,,,,,,,,,,,,,,,,,,,,,,,,
20200503,RI,,,5/03 12:00,5/3 22:42,BL,AFG,9477,3696,1232,4169,,,,0,379,1,0%,4169,5307,1,0%,320,252,16,41,,,,0,9,2,1%,41,277,2,1%,,,,,,,,,,,,,,,
20200503,SC,,,5/03 15:30,5/03 22:54,BL,AFG,6626,2576,2519,0,57,,,,171,1303,20%,325,4334,1967,30%,275,133,103,,2,,,,2,35,13%,,,,,,,,,,,,,,,,,,,
20200503,SD,,,5/03 13:00,5/03 23:35,AFG,NW,2631,863,499,472,303,139,,,355,,0%,472,2159,,0%,,,,,,,,,,,,,,,,,,,,,,,,,,,,,,
20200503,TN,,,5/03 15:00,5/3 23:18,BL,RV,13177,5227,2630,,295,,,,840,4185,32%,1184,6917,5076,39%,210,132,65,,6,,,,5,2,1%,7,200,3,1%,,,,,,,,,,,,,,,
20200503,TX,,,5/03 12:45,5/03 23:41,BL,AFG,31548,2812,1544,3530,408,,,,66,23188,74%,3530,6315,23188,70%,867,148,54,86,7,,,,1,571,66%,86,319,571,59%,,,,,,,,,,,,,,,
20200503,UT,,,5/03 15:00,5/03 23:32,AGS,AM,5175,2187,129,,127,119,129,,535,535,14%,1901,2739,535,10%,,,,,,,,,,,,,,,,,,,,,,,,,,,,,,
20200503,VA,,,5/03 17:00,5/03 23:17,AGS,NW,18671,6380,3329,,,,,,3178,5784,31%,4369,7429,6873,37%,660,350,154,,,,,,69,87,13%,39,462,159,24%,,,,,,,,,,,,,,,
20200503,VI,,,,,,,,,,,,,,,,,,,,,,,,,,,,,,,,,,,,,,,,,,,,,,,,,,,
20200503,VT,,,5/03 10:44,5/03 22:56,AGS,NW,897,786,18,,10,1,,,17,65,7%,19,747,131,15%,52,46,,,2,,,,4,0,0%,1,48,3,6%,,,,,,,,,,,,,,,
20200503,WA,,,5/03 21:00,5/03 23:24,AGS,NW,15185,4642,706,2996,924,151,186,1,191,5388,35%,2996,6801,5388,35%,834,561,24,59,74,7,4,10,16,79,9%,59,696,79,9%,,,,,,,,,,,,,,,
20200503,WI,,,5/03 0:00,5/03 22:32,AGS,NW,7964,4155,1754,,271,76,,,739,969,12%,2114,4814,1036,13%,339,212,106,,6,4,,,2,9,3%,22,299,18,5%,,,,,,,,,,,,,,,
20200503,WV,,,5/03 17:00,5/03 22:25,AGS,NW,1195,965,90,,,,,,137,3,0%,,,,,,,,,,,,,,,,,,,,,,,,,,,,,,,,,,
20200503,WY,,,5/04 1:56,5/03 22:22,AGS,NW,395,240,4,,4,94,,,16,37,9%,62,358,37,8%,,,,,,,,,,,,,,,,,,,,,,,,,,,,,,
20200429,AK,,,4/29 14:00,4/29 22:45,SPA,AM,355,206,7,,43,19,8,10,9,53,15%,25,232,,0%,,,,,,,,,,,,,,,,,,,,,,,,,,,,,,(4/29 SPA) The dashboard no longer holds data regarding Ethinicity and Death.
20200429,AL,,,4/29 0:00,4/29 23:04,SPA,AM,6925,3186,2646,,52,,,,196,843,12%,378,5310,1236,18%,262,131,115,,2,,,,2,11,4%,7,229,25,10%,,,,,,,,,,,,,,,Enter TOTALS in blue. Enter percentages in the green boxes. 
20200429,AR,,,4/29 11:00,4/29 23:27,SPA,AM,3192,1591,1026,125,40,,,13,77,406,12%,,,,,59,36,20,,,,1,,1,1,2%,,,,,,,,,,,,,,,,,,,Enter number of cases. Enter percentage for deaths. Uknown is auto-calcluated
20200429,AS,,,,,,,,,,,,,,,,,,,,,,,,,,,,,,,,,,,,,,,,,,,,,,,,,,,
20200429,AZ,,,4/29 0:00,4/29 23:32,SPA,AM,7202,2046,240,1207,91,931,,,120,2567,36%,1207,3428,2567,36%,304,148,10,39,4,56,,,4,43,14%,39,222,43,14%,,,,,,,,,,,,,,,
20200429,CA,,,4/28 0:00,4/29 23:29,BL,AM,46500,8339,1977,13608,3721,71,71,249,2033,16117,35%,13608,16775,16117,35%,1809,613,186,589,292,7,17,5,33,67,4%,589,1153,67,4%,,,,,,,,,,,,,,,
20200429,CO,,,4/29 0:00,4/29 23:21,BL,AM,14758,7460,1131,,395,78,78,203,134,4,0%,5275,9479,4,0%,766,537,51,,28,1,5,8,3,3,0%,130,633,3,0%,,,,,,,,,,,,,,,Colorado excludes cases/deaths for which races/ethnicity are unknown
20200429,CT,,,4/29 12:00,4/29 23:07,BL,AM,26767,8504,3105,4108,390,,,,198,10462,39%,4108,12197,10462,39%,2168,1554,328,189,19,,,,20,58,3%,189,1921,58,3%,,,,,,,,,,,,,,,
20200429,DC,,,4/28 0:00,4/29 22:59,BL,AM,4106,703,2037,,64,11,11,770,,513,12%,797,2490,819,20%,205,22,163,14,4,,,,2,0,0%,14,191,0,0%,,,,,,,,,,,,,,,
20200429,DE,,,4/28 0:00,4/29 22:49,BL,AFG,4655,1184,1292,936,1,,,237,,943,21%,936,2776,943,20%,144,81,36,5,1,,,3,,18,13%,5,121,18,13%,8313,3404,931,283,,,993,,2959,18%,931,12993,2959,18%,
20200429,FL,,,4/29 9:51,4/30 0:08,BL,ESK,32318,16146,5745,,,,,,2678,7749,24%,9325,14305,8688,27%,,,,,,,,,,,,,,,,,,,,,,,,,,,,,,
20200429,GA,,,4/29 21:25,4/30 0:27,BL,ESK,33143,7439,9360,,367,34,10,10,1151,10177,36%,2093,13551,17499,53%,1100,465,565,,20,1,0,0,15,34,3%,36,1010,54,5%,,,,,,,,,,,,,,,Copy Paste from state page
20200429,GU,,,,,,,,,,,,,,,,,,,,,,,,,,,,,,,,,,,,,,,,,,,,,,,,,,,
20200429,HI,,,4/26 18:00,4/29 22:19,AGS,AM,601,156,5,,162,,59,140,10,60,10%,,,,,,,,,,,,,,,,,,,,,,,,,,,,,,,,,,
20200429,IA,,,4/28 12:00,4/29 23:08,AGS,AM,6843,3838,910,,,,561,,109,1423,21%,1532,3968,1341,20%,,,,,,,,,,,,,,,,,,,,,,,,,,,,,,
20200429,ID,,,4/29 0:00,4/29 23:08,AGS,AM,0,,,,,,,,,,,,,,,60,57,1,,,,2,,,0,0%,4,56,0,0%,,,,,,,,,,,,,,,
20200429,IL,,,4/29 0:00,4/29 23:29,AGS,AM,50355,11676,10850,10846,1718,70,62,,2031,13102,26%,10846,26407,13102,26%,2215,912,796,297,91,2,2,,24,24,1%,297,1827,91,4%,47978,18863,6668,3405,131,60,,9536,122577,59%,6668,70437,122577,61%,"4/22 BL: Tested figures have gone down for all race categories except ""Left blank."""
20200429,IN,,,4/25 23:59,4/30 0:12,AGS,PR,17182,8127,2680,1580,274,,,,2577,4521,23%,1580,6597,,0%,964,,,,,,,,,,,,,,,,,,,,,,,,,,,,,
20200429,KS,,,4/26 11:00,4/30 0:04,AGS,ESK,3738,2325,433,,114,14,,,101,751,20%,1318,1731,689,18%,125,76,39,,0,1,,,0,9,7%,4,105,16,13%,11767,991,,222,107,,,687,11946,46%,1432,10388,13900,54%,
20200429,KY,,,4/29 0:00,4/30 0:15,SPA,BL,4539,2661,487,,3,0,0,2,,1386,31%,313,3071,1155,25%,235,160,36,,3,,,1,,35,15%,2,188,45,19%,,,,,,,,,,,,,,,
20200429,LA,,,4/27 0:00,4/29 23:44,BL,AM,,,,,,,,,,,,,,,,1670,638,973,27,13,0,4,,14,24,1%,27,1269,372,22%,,,,,,,,,,,,,,,
20200429,MA,,,4/29 16:00,4/29 22:23,RV,AM,60265,13378,4218,7111,903,,,,2049,32606,54%,7111,20548,32606,54%,3405,1171,180,187,64,,,,91,1712,50%,187,1506,1712,50%,,,,,,,,,,,,,,,4/22 BL: MA is also reporting race data for hospitalizations
20200429,MD,,,4/29 10:00,4/29 22:36,RV,AM,20849,4808,7615,3473,434,,,,747,3772,18%,3473,13604,3772,18%,985,390,404,64,36,,,,17,74,8%,64,847,74,8%,,,,,,,,,,,,,,,
20200429,ME,,,4/29 12:45,4/29 22:19,AFG,AM,1069,731,41,,13,1,13,2,18,250,23%,23,665,368,35%,,,,,,,,,,,,,,,,,,,,,,,,,,,,,,
20200429,MI,,,4/29 11:00,4/29 22:50,RV,AM,40191,12927,12927,1211,807,201,,2827,1615,8887,21%,1211,23835,14947,37%,3649,1651,1468,36,36,18,,73,73,330,9%,36,2715,917,25%,,,,,,,,,,,,,,,
20200429,MN,,,4/28 17:00,4/29 22:59,RV,AM,4710,2136,603,603,185,46,23,92,464,1161,22%,603,2739,1300,28%,322,216,15,9,3,6,0,3,3,76,23%,9,220,89,28%,,,,,,,,,,,,,,,
20200429,MO,,,4/29 15:00,4/29 23:05,RV,BL,7422,3044,2301,,,,,222,148,1707,23%,371,4677,2376,32%,318,130,98,,,,,9,6,73,23%,0,15,101,87%,,,,,,,,,,,,,,,
20200429,MP,,,,,,,,,,,,,,,,,,,,,,,,,,,,,,,,,,,,,,,,,,,,,,,,,,,
20200429,MS,,,4/28 19:00,4/29 23:09,RV,BL,6569,2202,3433,,,,,,638,296,5%,,,,,250,103,145,,,,,,2,0,0%,,,,,,,,,,,,,,,,,,,
20200429,MT,,,4/29 12:00,4/29 23:14,RV,BL,451,418,2,,1,23,,,2,5,1%,8,419,24,5%,,,,,,,,,,,,,,,,,,,,,,,,,,,,,,
20200429,NC,,,4/29 11:00,4/29 23:17,RV,BL,9948,3816,2827,,146,49,17,,477,2616,26%,1066,5391,3491,35%,354,203,117,,3,1,1,,8,21,6%,7,292,55,16%,,,,,,,,,,,,,,,
20200429,ND,,,,,,,,,,,,,,,,,,,,,,,,,,,,,,,,,,,,,,,,,,,,,,,,,,,
20200429,NE,,,,,,,,,,,,,,,,,,,,,,,,,,,,,,,,,,,,,,,,,,,,,,,,,,,
20200429,NH,,,4/27 0:00,4/29 23:30,RV,BL,1938,1205,86,103,49,,,,82,413,21%,,,,,60,36,0,3,0,,,,1,20,33%,,,,,,,,,,,,,,,,,,,
20200429,NJ,,,4/26 13:00,4/30 0:01,RV,ESK,,,,,,,,,,,,,,,,6770,1879,838,656,205,,,,233,2959,44%,656,3155,2959,44%,,,,,,,,,,,,,,,
20200429,NM,,,4/29 20:02,4/29 23:52,RV,ESK,3213,518,88,657,39,1696,,,,215,7%,657,2341,215,7%,,,,,,,,,,,,,,,,,,,,,,,,,,,,,,
20200429,NV,,,,,,,,,,,,,,,,,,,,,,,,,,,,,,,,,,,,,,,,,,,,,,,,,,,
20200429,NY,,,4/28 14:00,4/29 23:35,SAR,AFG,,,,,,,,,,,,,,,,18015,4632,2936,3221,726,,,,496,6004,33%,,,,,,,,,,,,,,,,,,,
20200429,OH,,,4/29 14:00,4/29 23:48,ESK,PR,17303,8931,4221,,249,14,14,804,1099,1971,11%,632,11061,5610,32%,937,682,152,,3,,,17,6,77,8%,11,794,132,14%,,,,,,,,,,,,,,,
20200429,OK,,,4/28 18:00,4/29 23:33,SAR,ESK,3473,2438,212,,70,246,,125,,382,,,,,,214,162,20,,2,17,,5,,8,4%,,,,,,,,,,,,,,,,,,,
20200429,OR,,,4/29 11:00,4/29 23:47,SAR,ESK,2345,1280,58,,80,29,26,51,556,265,11%,638,1424,283,12%,,,,,,,,,,,,,,,,,,,,,,,,,,,,,,
20200429,PA,,,4/29 0:00,4/29 22:27,SAR,AM,44366,9327,4538,,466,,,,204,29831,67%,,,,,2195,791,218,,26,,,,7,1153,53%,,,,,,,,,,,,,,,,,,,
20200429,PR,,,,,,,,,,,,,,,,,,,,,,,,,,,,,,,,,,,,,,,,,,,,,,,,,,,
20200429,RI,,,4/29 12:00,4/29 22:38,SAR,ESK,8247,3216,1072,3546,,,,0,329,84,1%,3546,4617,84,1%,251,200,15,30,,,,0,0,6,2%,30,215,6,2%,,,,,,,,,,,,,,,
20200429,SC,,,4/28 17:00,4/29 23:18,SAR,ESK,5881,2317,2214,309,,103,,,154,784,13%,290,3874,1717,29%,232,99,78,,,,1,,1,53,23%,,,,,,,,,,,,,,,,,,,
20200429,SD,,,,,,,,,,,,,,,,,,,,,,,,,,,,,,,,,,,,,,,,,,,,,,,,,,,
20200429,TN,,,4/29 15:00,4/29 23:50,SAR,PR,10436,4427,2154,,239,,,,688,2928,28%,899,6153,3314,32%,195,120,57,,5,,,,5,8,4%,5,180,10,5%,,,,,,,,,,,,,,,
20200429,TX,,,4/29 13:00,4/29 23:20,SAR,AM,27054,1766,932,1551,212,,,,43,22550,83%,1551,2953,22550,83%,732,122,46,59,4,,,,,231,50%,59,172,501,68%,,,,,,,,,,,,,,,
20200429,UT,,,4/29 15:00,4/29 23:48,JFC,PR,4901,1990,102,1624,118,60,99,,459,449,9%,1624,1990,881,20%,,,,,,,,,,,,,,,,,,,,,,,,,,,,,,
20200429,VA,,,4/29 0:00,4/29 23:42,JFC,PR,14328,5104,2733,,,,,,2373,4118,29%,,,,,513,271,134,,,,,,49,59,12%,,,,,,,,,,,,,,,,,,,
20200429,VI,,,,,,,,,,,,,,,,,,,,,,,,,,,,,,,,,,,,,,,,,,,,,,,,,,,
20200429,VT,,,4/29 10:25,4/29 23:35,JFC,PR,862,743,15,17,10,1,,,16,77,9%,17,676,169,20%,47,42,,,2,,,,3,0,0%,,46,1,2%,,,,,,,,,,,,,,,
20200429,WA,,,4/29 2:59,4/29 23:29,JFC,PR,14070,4446,653,2764,896,119,165,1,184,4842,34%,2764,6464,4842,34%,801,531,23,52,69,7,4,9,16,90,11%,52,659,90,11%,,,,,,,,,,,,,,,
20200429,WI,,,4/29 16:00,4/29 23:27,JFC,PR,6520,3449,1517,,205,61,,,470,818,13%,1602,4047,871,13%,308,187,101,,5,4,,,3,8,3%,17,277,14,5%,,,,,,,,,,,,,,,
20200429,WV,,,4/29 17:00,4/29 23:24,JFC,PR,1109,904,86,,,,,,116,3,0%,,,,,,,,,,,,,,,,,,,,,,,,,,,,,,,,,,
20200429,WY,,,4/29 17:21,4/29 23:00,JFC,PR,404,233,4,58,4,71,,,14,20,5%,58,326,20,5%,,,,,,,,,,,,,,,,,,,,,,,,,,,,,,
20200426,AK,4/26 10:00,,4/26 14:00,4/26 22:31,AM,BL,341,190,7,,41,18,6,0,9,70,21%,25,232,,0%,9,4,0,,2,2,1,0,0,0,0%,0,9,0,0%,,,,,,,,,,,,,,,
20200426,AL,4/26 0:00,,4/26 0:00,4/26 22:40,AM,BL,6421,2947,2411,,50,,,,163,846,13%,340,4883,1196,19%,219,113,98,,3,,,,1,3,1%,6,197,15,7%,,,,,,,,,,,,,,,Enter percentage by category. Unknown is auto-calcluated
20200426,AR,4/26 10:00,,4/26 11:00,4/26 23:19,AM,BL,2941,1340,808,107,27,,,12,78,645,21%,,,,,49,29,16,,,,0,,0,4,8%,,,,,,,,,,,,,,,,,,,Enter number of cases. Enter percentage for deaths. Uknown is auto-calcluated
20200426,AS,,,,,,,,,,,,,,,,,,,,,,,,,,,,,,,,,,,,,,,,,,,,,,,,,,,
20200426,AZ,4/26 00:00,,4/26 0:00,4/26 23:07,AM,BL,6526,1954,223,1119,83,844,,,115,2188,34%,1119,3219,2188,34%,275,134,9,37,4,55,,,3,33,12%,37,205,33,12%,,,,,,,,,,,,,,,
20200426,CA,4/25 00:00,,4/25 0:00,4/26 23:09,ESK,AM,42164,7739,1839,12092,3438,58,58,225,1824,14590,35%,12092,15482,14590,35%,1647,536,170,502,266,7,17,4,40,105,6%,502,1040,105,6%,,,,,,,,,,,,,,,
20200426,CO,4/26 00:00,,4/26 0:00,4/26 23:23,ESK,AM,13441,6973,1010,,360,65,72,209,125,4,0%,4623,8814,4,0%,680,477,44,,21,1,5,8,1,3,1%,120,557,3,0%,,,,,,,,,,,,,,,Colorado excludes cases/deaths for which races/ethnicity are unknown
20200426,CT,4/26 12:00,,4/26 12:00,4/26 23:10,MEB,AM,22469,7759,2819,3699,350,,,,179,10463,41%,3699,11107,10463,41%,1544,1370,294,173,17,,,,20,50,3%,173,1701,50,3%,,,,,,,,,,,,,,,
20200426,DC,4/25 0:00,,4/25 0:00,4/26 23:08,MEB,AM,3841,665,1891,,63,11,11,652,,527,14%,708,2320,813,21%,178,20,142,11,4,,,,1,0,0%,11,167,0,0%,,,,,,,,,,,,,,,
20200426,DE,4/25 00:00,,4/25 0:00,4/26 22:56,MEB,AM,4034,1003,1106,714,0,,,187,,974,24%,714,2346,974,24%,120,69,29,5,0,,,3,,14,12%,5,115,,0%,,,,,,,,,,,,,,,
20200426,FL,4/26 21:27,,4/26 21:27,4/26 22:40,MEB,AM,30680,15111,5228,,,,,,2535,7806,25%,8676,13274,8730,28%,,,,,,,,,,,,,,,,,,,,,,,,,,,,,,
20200426,GA,4/26 18:27,,4/26 18:27,4/26 22:36,AM,NW,23481,6280,8181,,308,23,4,4,941,7744,33%,1700,11570,10211,43%,916,383,478,,14,1,1,0,11,29,3%,32,839,45,5%,,,,,,,,,,,,,,,Copy Paste from state page
20200426,GU,,,,,,,,,,,,,,,,,,,,,,,,,,,,,,,,,,,,,,,,,,,,,,,,,,,
20200426,HI,4/26 12:00,,4/26 18:00,4/26 22:29,BL,AM,601,156,5,,162,,59,140,10,60,10%,,,,,,,,,,,,,,,,,,,,,,,,,,,,,,,,,,
20200426,IA,4/25 10:00,,4/25 12:00,4/26 22:37,BL,AM,5475,3191,717,,432,,,,87,1040,19%,1242,3356,876,16%,,,,,,,,,,,,,,,,,,,,,,,,,,,,,,
20200426,ID,4/26 17:00,,4/26 19:00,4/26 22:43,BL,AM,58,41,1,,,,2,,,14,24%,2,44,10,18%,,,,,,,,,,,,,,,,,,,,,,,,,,,,,,
20200426,IL,4/26 00:00,,4/26 0:00,4/26 22:48,BL,AM,43903,10427,9918,8743,1523,65,52,,1834,11341,26%,8743,23819,11341,26%,1933,794,712,245,76,2,2,,19,19,1%,245,1605,83,4%,40082,16438,5467,2884,116,57,,8389,108957,60%,5467,59577,108957,63%,"4/22 BL: Tested figures have gone down for all race categories except ""Left blank."""
20200426,IN,4/25 23:59,,4/25 23:59,4/26 22:59,BL,AM,15012,7010,2356,1125,165,,,,2056,4356,26%,1125,5734,,0%,813,,,,,,,,,,,,,,,,,,,,,,,,,,,,,
20200426,KS,4/26 10:00,,4/26 11:00,4/26 23:08,BL,AM,3174,1986,386,,78,12,,,91,621,20%,1038,1555,581,18%,118,71,35,,0,1,,,0,11,9%,3,97,18,15%,10357,866,,195,92,,,548,10995,48%,1153,9219,12681,55%,
20200426,KY,4/26 00:00,,4/26 0:00,4/26 23:21,BL,AM,4074,2407,431,,1,2,1,2,,1230,30%,257,2805,1012,25%,207,143,29,,3,,,,,32,15%,2,167,39,19%,,,,,,,,,,,,,,,
20200426,LA,4/20 00:00,,4/20 0:00,4/26 23:31,BL,NW,,,,,,,,,,,,,,,,1473,505,828,20,12,0,1,,10,115,8%,20,1103,349,24%,,,,,,,,,,,,,,,
20200426,MA,4/26 16:00,,4/26 16:00,4/26 22:32,AFG,NW,54938,11646,3735,5933,769,,,,1812,31043,57%,5933,17962,31043,57%,2899,965,144,162,57,,,,72,1499,52%,162,1238,1499,52%,,,,,,,,,,,,,,,4/22 BL: MA is also reporting race data for hospitalizations
20200426,MD,4/26 10:00,,4/26 10:00,4/26 23:15,AFG,NW,18581,4276,6742,2841,363,,,,707,3652,20%,2841,12088,3652,20%,827,301,305,46,30,,,,11,134,16%,46,647,134,16%,,,,,,,,,,,,,,,
20200426,ME,,,,,,,,,,,,,,,,,,,,,,,,,,,,,,,,,,,,,,,,,,,,,,,,,,,
20200426,MI,4/26 10:00,,4/26 11:00,4/26 23:28,AFG,NW,37585,12088,12088,1133,755,188,,2644,1511,8311,21%,1133,21911,14733,39%,3329,1458,1359,33,33,16,,66,66,331,10%,33,2453,828,25%,,,,,,,,,,,,,,,
20200426,MN,4/26 11:00,,4/26 12:00,4/26 23:36,AFG,NW,3655,1909,504,396,144,36,18,,324,720,18%,396,2377,792,22%,273,187,13,5,1,5,0,,2,65,23%,5,187,78,29%,,,,,,,,,,,,,,,
20200426,MO,4/26 14:00,,4/26 15:00,4/26 23:42,AFG,NW,6994,2798,2099,,,,,209,139,1749,25%,349,4268,2378,34%,274,109,82,,,,,8,5,68,25%,0,13,93,88%,,,,,,,,,,,,,,,
20200426,MP,,,,,,,,,,,,,,,,,,,,,,,,,,,,,,,,,,,,,,,,,,,,,,,,,,,
20200426,MS,4/25 18:00,,4/25 19:00,4/26 23:48,AFG,NW,5911,1984,3095,,,,,,566,266,5%,,,,,227,88,138,,,,,,1,0,0%,,,,,,,,,,,,,,,,,,,
20200426,MT,4/26 10:58,,4/26 12:58,4/27 0:29,AFG,NW,448,389,2,,1,21,,,2,33,7%,8,409,31,7%,,,,,,,,,,,,,,,,,,,,,,,,,,,,,,
20200426,NC,4/20 00:00,,4/26 11:00,4/26 23:57,NW,AM,8830,3485,2575,,114,41,15,,366,2234,25%,827,4950,3053,35%,299,170,99,,2,1,1,,7,19,6%,6,249,44,15%,,,,,,,,,,,,,,,
20200426,ND,,,,,,,,,,,,,,,,,,,,,,,,,,,,,,,,,,,,,,,,,,,,,,,,,,,
20200426,NE,,,,,,,,,,,,,,,,,,,,,,,,,,,,,,,,,,,,,,,,,,,,,,,,,,,
20200426,NH,4/26 09:00,,4/26 9:00,4/27 0:12,NW,PR,1447,937,63,70,37,,,,51,289,20%,,,,,,,,,,,,,,,,,,,,,,,,,,,,,,,,,,
20200426,NJ,4/26 13:00,,4/26 13:00,4/27 0:32,NW,PR,,,,,,,,,,,,,,,,5938,1879,838,656,205,,,,233,2127,36%,656,3155,2127,36%,,,,,,,,,,,,,,,
20200426,NM,4/26 15:01,,4/26 17:01,4/27 0:20,NW,PR,2704,502,64,595,38,1288,,,,217,8%,595,1892,217,8%,,,,,,,,,,,,,,,,,,,,,,,,,,,,,,
20200426,NV,,,,,,,,,,,,,,,,,,,,,,,,,,,,,,,,,,,,,,,,,,,,,,,,,,,
20200426,NY,4/26 14:00,,4/26 14:00,4/27 0:37,SR,PR,,,,,,,,,,,,,,,,3961,2382,709,534,163,,,,173,,0%,534,3427,,0%,,,,,,,,,,,,,,,
20200426,OH,4/26 14:00,,4/26 14:00,4/26 23:40,SR,AM,15963,7976,3716,,216,11,10,972,1278,1784,11%,512,10066,5385,34%,728,520,109,,2,,,19,9,69,9%,11,593,124,17%,,,,,,,,,,,,,,,
20200426,OK,4/26 00:00,,4/26 0:00,4/26 22:35,SR,AM,3253,2295,195,,66,241,,112,,344,,,,,,195,149,16,,1,17,,5,,7,4%,,,,,,,,,,,,,,,,,,,
20200426,OR,4/22 00:00,,4/22 0:00,4/26 22:46,SR,AM,1928,1065,47,509,64,17,22,44,425,244,10%,509,1151,268,14%,,,,,,,,,,,,,,,,,,,,,,,,,,,,,,
20200426,PA,4/26 00:00,,4/26 0:00,4/27 0:39,SR,PR,41165,8292,4027,,420,,,,176,28250,69%,,,,,1550,570,168,,21,,,,4,787,51%,,,,,,,,,,,,,,,,,,,
20200426,PR,,,,,,,,,,,,,,,,,,,,,,,,,,,,,,,,,,,,,,,,,,,,,,,,,,,
20200426,RI,4/26 00:00,,4/26 0:00,4/26 23:13,SR,AFG,7439,2901,967,3273,,,,0,297,1,0%,3273,4165,1,0%,226,178,15,27,,,,0,0,6,3%,27,193,6,3%,,,,,,,,,,,,,,,
20200426,SC,4/26 15:30,,4/26 15:30,4/26 23:32,NW,AFG,5490,2106,1968,228,,91,,,137,960,17%,216,3456,1818,33%,174,82,62,,,,,,2,28,16%,,,,,,,,,,,,,,,,,,,
20200426,SD,,,,,,,,,,,,,,,,,,,,,,,,,,,,,,,,,,,,,,,,,,,,,,,,,,,
20200426,TN,4/26 00:00,,4/26 0:00,4/26 23:11,NW,BL,9667,4028,1930,,193,,,,588,2928,30%,731,5513,3423,35%,181,111,57,,4,,,,3,6,3%,5,169,7,4%,,,,,,,,,,,,,,,
20200426,TX,4/26 11:40,,4/26 12:40,4/26 23:03,NW,AFG,24631,1145,415,900,118,,,,22,22031,89%,900,1700,22031,89%,648,106,35,51,3,,,,,195,50%,51,144,453,70%,,,,,,,,,,,,,,,
20200426,UT,4/26 00:00,,4/26 0:00,4/26 22:46,LAW,BL,4123,1892,81,1448,112,47,85,,407,51,1%,1448,1892,783,19%,,,,,,,,,,,,,,,,,,,,,,,,,,,,,,
20200426,VA,4/26 00:00,,4/26 0:00,4/27 0:37,LAW,ESK,12970,4412,2428,,,,,,1923,4207,32%,,,,,448,233,117,,,,,,43,55,12%,,,,,,,,,,,,,,,,,,,
20200426,VI,,,,,,,,,,,,,,,,,,,,,,,,,,,,,,,,,,,,,,,,,,,,,,,,,,,
20200426,VT,4/26 11:00,,4/26 11:00,4/27 0:29,LAW,ESK,851,773,15,17,10,1,,,16,36,4%,17,668,166,20%,46,41,,,2,,,,3,0,0%,,45,1,2%,,,,,,,,,,,,,,,
20200426,WA,4/21 11:59,,4/26 2:59,4/27 0:23,LAW,ESK,13521,4132,555,2379,804,111,130,1,163,5246,39%,2379,5896,5246,39%,749,492,19,50,67,7,4,9,13,88,12%,50,611,88,12%,,,,,,,,,,,,,,,
20200426,WI,4/26 14:00,,4/26 16:00,4/27 0:11,LAW,ESK,5911,3083,1414,,174,56,,,403,781,13%,1338,3734,839,14%,272,165,94,,5,3,,,1,4,1%,16,248,8,3%,,,,,,,,,,,,,,,
20200426,WV,4/26 17:00,,4/26 17:00,4/26 23:55,LAW,ESK,1053,839,85,,,,,,127,2,0%,,,,,,,,,,,,,,,,,,,,,,,,,,,,,,,,,,
20200426,WY,4/22 07:36,,4/22 10:36,4/26 23:46,LAW,ESK,370,217,4,54,5,64,,,12,14,4%,54,302,14,4%,,,,,,,,,,,,,,,,,,,,,,,,,,,,,,
20200422,AK,,,4/22 14:00,,,,335,184,7,,37,18,6,10,7,66,20%,22,218,,0%,9,2,0,,2,2,1,0,0,2,22%,0,6,3,33%,,,,,,,,,,,,,,,
20200422,AL,,,4/23 0:00,,,,4903,2296,1842,,42,,,,110,613,13%,194,3820,889,18%,160,79,75,,2,,,,0,4,3%,4,144,12,8%,,,,,,,,,,,,,,,Enter percentage by category. Uknown is auto-calcluated
20200422,AR,,,4/22 19:00,,,,2276,1179,654,,25,,,10,70,324,14%,86,1952,238,10%,42,25,14,,,,,,,3,7%,,,,,,,,,,,,,,,,,,,Enter number of cases. Enter percentage for deaths. Uknown is auto-calcluated
20200422,AS,,,,,,,,,,,,,,,,,,,,,,,,,,,,,,,,,,,,,,,,,,,,,,,,,,,
20200422,AZ,,,4/22 0:00,,,,5459,1822,200,946,77,744,,,86,1584,29%,946,2929,1584,29%,229,110,8,34,3,48,,,2,24,10%,34,171,24,10%,,,,,,,,,,,,,,,
20200422,CA,,,4/21 0:00,,,,35396,6982,1630,9701,3020,50,50,189,1735,11753,33%,9701,13942,11753,33%,1293,417,138,364,206,4,14,3,24,123,10%,364,806,123,10%,,,,,,,,,,,,,,,
20200422,CO,,,4/22 18:00,,,,10878,5858,821,,301,55,64,177,118,,,,,,,508,353,37,,16,1,5,4,2,,,,,,,,,,,,,,,,,,,,,Colorado excludes cases/deaths for which races/ethnicity are unknown
20200422,CT,,,4/22 13:00,,,,22469,6706,2368,3145,299,,,,141,9810,44%,3145,9514,9810,44%,1544,1096,230,139,15,,,,13,51,3%,139,1354,51,3%,,,,,,,,,,,,,,,
20200422,DC,,,4/21 0:00,,,,3206,587,1595,,57,11,11,481,,468,15%,589,2002,615,19%,127,14,102,8,3,,,,0,0,0%,8,119,0,0%,,,,,,,,,,,,,,,
20200422,DE,,,4/09 13:38,,,,,,,,,,,,,,,,,,,19,16,,,,,,,3,,0%,,,,,,,,,,,,,,,,,,,
20200422,FL,,,4/22 21:00,,,,27791,13646,4551,,,,,,2347,7247,26%,7781,11915,8095,29%,,,,,,,,,,,,,,,,,,,,,,,,,,,,,,
20200422,GA,,,4/22 18:28,,,,21102,4908,6445,,246,17,8787,699,0,0,0%,1305,9332,10465,50%,846,335,442,,10,1,1,0,10,48,6%,27,749,70,8%,,,,,,,,,,,,,,,Copy Paste from state page
20200422,GU,,,,,,,,,,,,,,,,,,,,,,,,,,,,,,,,,,,,,,,,,,,,,,,,,,,
20200422,HI,,,4/16 0:00,,,,547,135,4,,139,,58,99,9,103,19%,,,,,,,,,,,,,,,,,,,,,,,,,,,,,,,,,,
20200422,IA,,,4/21 12:00,,,,3748,2290,517,,232,,,,52,657,18%,779,2432,537,14%,,,,,,,,,,,,,,,,,,,,,,,,,,,,,,
20200422,ID,,,4/22 19:00,,,,56,41,1,,,,2,,,12,21%,2,44,8,15%,,,,,,,,,,,,,,,,,,,,,,,,,,,,,,
20200422,IL,,,4/22 0:00,,,,35108,8573,8504,6195,1244,50,45,,1447,9050,26%,6195,19863,9050,26%,1565,621,596,181,62,1,3,,21,21,1%,181,1304,80,5%,29842,13166,3763,2243,91,39,,6367,73727,57%,3763,45381,73727,60%,"4/22 BL: Tested figures have gone down for all race categories except ""Left blank."""
20200422,IN,,,4/21 23:59,,,,12438,6144,2102,646,99,,,,1641,3447,24%,646,4788,,0%,661,,,,,,,,,,,,,,,,,,,,,,,,,,,,,
20200422,KS,,,4/22 12:00,,,,2211,1366,343,,37,11,,,50,404,18%,494,1307,410,19%,110,65,35,,0,1,,,0,9,8%,3,92,15,14%,8209,684,,158,75,,,380,8486,47%,673,7446,9873,55%,
20200422,KY,,,4/22 0:00,,,,3373,2186,379,,1,0,,1,,806,24%,216,2481,676,20%,175,125,27,,2,,,,,21,12%,1,153,31,17%,,,,,,,,,,,,,,,
20200422,LA,,,4/20 0:00,,,,,,,,,,,,,,,,,,,1473,505,828,20,12,0,1,,10,115,8%,20,1103,349,24%,,,,,,,,,,,,,,,
20200422,MA,,,4/22 16:00,,,,42944,9232,3006,4595,601,,,,1503,24005,56%,4595,14342,24005,56%,2182,704,106,106,41,,,,50,1171,54%,106,901,1171,54%,,,,,,,,,,,,,,,4/22 BL: MA is also reporting race data for hospitalizations
20200422,MD,,,4/21 10:00,,,,14775,3476,5540,2033,304,,,,571,2851,19%,2033,9891,2851,19%,631,234,289,69,21,,,,10,8,1%,69,554,8,1%,,,,,,,,,,,,,,,
20200422,ME,,,,,,,,,,,,,,,,,,,,,,,,,,,,,,,,,,,,,,,,,,,,,,,,,,,
20200422,MI,,,4/22 11:00,,,,34980,10529,11208,1018,679,339,,2377,1358,7472,21%,1018,19700,13246,39%,2813,1237,1125,28,28,,,56,56,309,11%,28,2025,759,27%,,,,,,,,,,,,,,,
20200422,MN,,,4/22 12:00,,,,2758,1659,353,,108,27,13,,163,435,16%,217,2013,489,18%,182,134,10,5,1,3,0,,1,28,15%,5,136,37,21%,,,,,,,,,,,,,,,
20200422,MO,,,4/22 15:00,,,,6135,2393,1841,,,,,184,122,1595,26%,245,3804,2086,34%,208,81,62,,,,,6,4,54,26%,0,8,70,90%,,,,,,,,,,,,,,,
20200422,MP,,,,,,,,,,,,,,,,,,,,,,,,,,,,,,,,,,,,,,,,,,,,,,,,,,,
20200422,MS,,,4/21 19:00,,,,4894,1663,2582,,,,,,420,229,5%,,,,,193,71,120,,,,,,2,0,0%,,,,,,,,,,,,,,,,,,,
20200422,MT,,,4/15 12:00,,,,439,370,2,,1,20,,,2,44,10%,,,,,,,,,,,,,,,,,,,,,,,,,,,,,,,,,,
20200422,NC,,,4/22 11:00,,,,7220,2898,2146,,98,31,14,,261,1772,25%,542,4141,2537,35%,242,133,86,,1,0,0,,5,17,7%,5,194,43,18%,,,,,,,,,,,,,,,
20200422,ND,,,,,,,,,,,,,,,,,,,,,,,,,,,,,,,,,,,,,,,,,,,,,,,,,,,
20200422,NE,,,,,,,,,,,,,,,,,,,,,,,,,,,,,,,,,,,,,,,,,,,,,,,,,,,
20200422,NH,,,4/20 0:00,,,,1447,937,63,70,37,,,,51,289,20%,,,,,,,,,,,,,,,,,,,,,,,,,,,,,,,,,,
20200422,NJ,,,4/22 13:00,,,,,,,,,,,,,,,,,,,5063,1879,838,656,205,,,,233,1252,25%,656,3155,1252,25%,,,,,,,,,,,,,,,
20200422,NM,,,4/22 18:11,,,,2189,426,50,493,33,971,,,,216,10%,493,1480,216,0%,,,,,,,,,,,,,,,,,,,,,,,,,,,,,,
20200422,NV,,,,,,,,,,,,,,,,,,,,,,,,,,,,,,,,,,,,,,,,,,,,,,,,,,,
20200422,NY,,,4/22 14:00,,,,,,,,,,,,,,,,,,,3430,2065,615,464,141,,,,145,,0%,464,2966,,0%,,,,,,,,,,,,,,,
20200422,OH,,,4/22 14:00,,,,14117,6915,3112,,186,10,5,1039,1400,1450,10%,396,8816,4905,35%,610,439,95,,1,,,16,7,52,9%,10,500,100,16%,,,,,,,,,,,,,,,
20200422,OK,,,4/22 15:00,,,,2894,2057,155,,60,213,,94,,315,,,,,,170,132,11,,1,15,,5,,6,4%,,,,,,,,,,,,,,,,,,,
20200422,OR,,,4/22 0:00,,,,1928,1065,47,509,64,17,22,44,425,244,10%,509,1151,268,14%,,,,,,,,,,,,,,,,,,,,,,,,,,,,,,
20200422,PA,,,4/22 12:00,,,,35684,6639,3289,,339,,,,128,25289,71%,,,,,1622,602,211,,22,,,,1,786,48%,,,,,,,,,,,,,,,,,,,
20200422,PR,,,,,,,,,,,,,,,,,,,,,,,,,,,,,,,,,,,,,,,,,,,,,,,,,,,
20200422,RI,,,4/22 0:00,,,,5841,2394,700,2453,,,,0,233,61,1%,2453,3327,61,1%,181,135,10,18,,,,0,0,18,10%,18,145,18,10%,,,,,,,,,,,,,,,
20200422,SC,,,4/22 5:00,,,,3895,1558,1402,194,,77,,,662,868,18%,,,,,127,72,53,,,2,,,,15,11%,,,,,,,,,,,,,,,,,,,
20200422,SD,,,,,,,,,,,,,,,,,,,,,,,,,,,,,,,,,,,,,,,,,,,,,,,,,,,
20200422,TN,,,4/19 0:00,,,,7842,3637,1620,,168,,,,489,1928,25%,580,4874,2388,30%,166,96,56,,4,,,,2,8,5%,7,150,9,5%,,,,,,,,,,,,,,,
20200422,TX,,,4/22 13:15,,,,21069,7563,340,775,115,,,,22,12254,58%,775,8040,12254,58%,543,80,26,37,2,,,,,145,50%,37,108,398,73%,,,,,,,,,,,,,,,
20200422,UT,,,4/22 15:00,,,,3729,1687,62,1134,100,35,67,,327,317,9%,1134,1687,624,18%,,,,,,,,,,,,,,,,,,,,,,,,,,,,,,
20200422,VA,,,4/21 17:00,,,,10266,3540,1900,,,,,,1411,3415,33%,,,,,,,,,,,,,,,,,,,,,,,,,,,,,,,,,,
20200422,VI,,,,,,,,,,,,,,,,,,,,,,,,,,,,,,,,,,,,,,,,,,,,,,,,,,,
20200422,VT,,,,,,,823,715,15,17,10,1,,,13,69,8%,17,648,158,19%,40,35,,,2,,,,1,2,5%,,37,3,8%,,,,,,,,,,,,,,,
20200422,WA,,,4/21 14:59,,,,12494,3986,528,2203,758,103,113,1,153,4649,37%,,,,,692,460,17,48,64,7,4,7,13,72,10%,,,,,,,,,,,,,,,,,,,
20200422,WI,,,4/22 0:00,,,,4845,2526,1198,,135,44,,,212,730,15%,842,3226,777,16%,246,151,82,,5,3,,,0,5,2%,15,225,6,2%,,,,,,,,,,,,,,,
20200422,WV,,,4/22 17:00,,,,963,743,79,,,,,,135,6,1%,,,,,,,,,,,,,,,,,,,,,,,,,,,,,,,,,,
20200422,WY,,,4/22 10:36,,,,326,210,3,47,3,40,,,10,13,4%,,,,,,,,,,,,,,,,,,,,,,,,,,,,,,,,,,
20200419,AK,,,4/19 14:00,,,,319,167,7,,33,14,4,10,5,79,25%,21,195,,0%,9,2,0,,2,2,1,0,0,2,22%,0,5,4,44%,,,,,,,,,,,,,,,
20200419,AL,,,4/19 0:00,,,,4903,2300,1831,,45,,,,102,625,13%,167,3836,900,18%,160,66,85,,5,,,,,4,3%,5,138,17,11%,,,,,,,,,,,,,,,Enter decimal of percentage by category. Uknown is auto-calcluated
20200419,AR,,,4/18 13:00,,,,1739,1049,511,,23,,,7,54,86,5%,,,,,39,23,14,,,,,,,2,5%,,,,,,,,,,,,,,,,,,,Enter decimal of percentage by category. Uknown is auto-calcluated
20200419,AS,,,,,,,,,,,,,,,,,,,,,,,,,,,,,,,,,,,,,,,,,,,,,,,,,,,
20200419,AZ,,,4/19 0:00,,,,4929,947,96,478,76,337,,,45,2950,60%,478,1501,2950,60%,184,73,6,32,3,18,,,,52,28%,32,100,52,28%,,,,,,,,,,,,,,,
20200419,CA,,,4/17 0:00,,,,28963,5821,1358,7567,2522,38,38,388,1552,9329,33%,7567,12067,9329,32%,1072,347,115,298,154,4,9,9,9,127,12%,298,647,127,12%,,,,,,,,,,,,,,,
20200419,CO,,,4/15 18:00,,,,9730,5381,707,,248,49,53,155,102,3,0%,,,,,422,294,36,,13,1,4,3,0,2,1%,,,,,,,,,,,,,,,,,,,
20200419,CT,,,4/13 11:30,,,,17962,4876,1782,2286,214,,,,120,8684,48%,,,,,1127,766,171,100,14,,,,11,65,6%,,,,,,,,,,,,,,,,,,,
20200419,DC,,,4/14 0:00,,,,2793,548,1403,,51,12,12,390,,383,14%,,,,,96,11,75,8,2,,,,0,,0%,,,,,,,,,,,,,,,,,,,
20200419,DE,,,4/09 13:38,,,,,,,,,,,,,,,,,,,,16,,,,,,,3,,0%,,,,,,,,,,,,,,,,,,,
20200419,FL,,,,,,,,,,,,,,,,,,,,,,,,,,,,,,,,,,,,,,,,,,,,,,,,,,,
20200419,GA,,,4/19 21:34,,,,18489,3637,4916,,178,17,356,13,9372,0,0%,871,7351,10267,56%,689,263,364,,9,1,1,0,10,41,6%,24,603,62,9%,,,,,,,,,,,,,,,Copy Paste from state page
20200419,GU,,,,,,,,,,,,,,,,,,,,,,,,,,,,,,,,,,,,,,,,,,,,,,,,,,,
20200419,HI,,,,,,,,,,,,,,,,,,,,,,,,,,,,,,,,,,,,,,,,,,,,,,,,,,,
20200419,IA,,,4/18 12:00,,,,2902,1912,293,,136,,,,40,521,18%,560,1918,424,15%,,,,,,,,,,,,,,,,,,,,,,,,,,,,,,
20200419,ID,,,,,,,,,,,,,,,,,,,,,,,,,,,,,,,,,,,,,,,,,,,,,,,,,,,
20200419,IL,,,4/19 0:00,,,,30357,7554,7498,4913,1085,46,39,,1324,7898,26%,4913,17546,7898,26%,1791,501,502,134,51,512,2,,15,15,1%,134,1583,74,4%,33561,19016,8038,3059,121,78,,6933,72472,51%,8038,55835,72472,53%,
20200419,IN,,,4/18 11:59,,,,11210,5605,1961,470,89,,,,1446,3085,24%,470,4327,,0%,,,,,,,,,,,,,,,,,,,,,,,,,,,,,,
20200419,KS,,,4/19 12:00,,,,1849,1141,314,,27,9,,,42,316,17%,334,1154,361,20%,92,53,27,,0,1,,,0,11,12%,2,74,16,17%,7316,597,,139,68,,,319,7842,48%,558,6647,9076,56%,
20200419,KY,,,4/19 0:00,,,,2960,2300,389,,111,1,,159,,,0%,219,2741,,0%,148,115,32,,1,,,,,,0%,1,79,,0%,,,,,,,,,,,,,,,
20200419,LA,,,4/13 0:00,,,,,,,,,,,,,,,,,,,1277,383,751,13,10,0,1,,8,111,9%,13,928,324,26%,,,,,,,,,,,,,,,
20200419,MA,,,4/19 10:00,,,,38077,7640,2524,3818,538,,,,1239,22318,59%,3818,11941,22318,59%,1706,520,78,81,30,,,,41,956,56%,81,669,956,56%,,,,,,,,,,,,,,,
20200419,MD,,,4/19 10:00,,,,12830,3037,4855,1639,276,,,,505,2518,20%,1639,8673,2518,20%,486,159,196,21,15,,,,14,81,17%,21,384,81,17%,,,,,,,,,,,,,,,
20200419,ME,,,,,,,,,,,,,,,,,,,,,,,,,,,,,,,,,,,,,,,,,,,,,,,,,,,
20200419,MI,,,4/19 10:00,,,,31892,9427,10369,628,628,157,,1885,942,7856,25%,628,17597,13198,42%,2387,1028,956,23,23,,,47,47,263,11%,23,1697,669,28%,,,,,,,,,,,,,,,
20200419,MN,,,4/19 17:00,,,,2387,1484,282,,117,23,11,,94,376,16%,164,1767,447,19%,133,100,5,2,0,1,0,,0,25,19%,2,96,34,26%,,,,,,,,,,,,,,,
20200419,MO,,,4/19 15:00,,,,5665,2153,1643,,,,,170,113,1586,28%,226,3400,2040,36%,174,66,51,,,,,5,3,49,28%,0,7,63,90%,,,,,,,,,,,,,,,
20200419,MP,,,,,,,,,,,,,,,,,,,,,,,,,,,,,,,,,,,,,,,,,,,,,,,,,,,
20200419,MS,,,4/18 19:00,,,,4274,1407,2203,,,,,,337,327,8%,,,,,159,57,100,,,,,,1,1,1%,,,,,,,,,,,,,,,,,,,
20200419,MT,,,4/15 12:00,,,,433,354,2,,1,20,,,2,54,12%,,,,,,,,,,,,,,,,,,,,,,,,,,,,,,,,,,
20200419,NC,,,4/19 11:00,,,,6493,2664,1921,,93,24,12,,206,1573,24%,427,3700,2366,36%,172,96,62,,1,0,0,,4,9,5%,4,139,29,17%,,,,,,,,,,,,,,,
20200419,ND,,,,,,,,,,,,,,,,,,,,,,,,,,,,,,,,,,,,,,,,,,,,,,,,,,,
20200419,NE,,,,,,,,,,,,,,,,,,,,,,,,,,,,,,,,,,,,,,,,,,,,,,,,,,,
20200419,NH,,,,,,,,,,,,,,,,,,,,,,,,,,,,,,,,,,,,,,,,,,,,,,,,,,,
20200419,NJ,,,4/18 0:00,,,,,,,,,,,,,,,,,,,4190,2138,924,701,226,,,,201,,0%,,,,,,,,,,,,,,,,,,,
20200419,NM,,,4/19 4:45,,,,1825,376,47,443,29,704,,,,226,12%,,,,,,,,,,,,,,,,,,,,,,,,,,,,,,,,,,
20200419,NV,,,,,,,,,,,,,,,,,,,,,,,,,,,,,,,,,,,,,,,,,,,,,,,,,,,
20200419,NY,,,,,,,,,,,,,,,,,,,,,,10578,2824,1862,2091,457,,,,304,3040,29%,,,,,,,,,,,,,,,,,,,
20200419,OH,,,4/19 0:00,,,,11602,5758,2415,,167,6,5,731,1086,1434,12%,319,7281,4002,34%,471,327,68,,1,,,14,7,54,11%,10,365,96,20%,,,,,,,,,,,,,,,
20200419,OK,,,,,,,,,,,,,,,,,,,,,,,,,,,,,,,,,,,,,,,,,,,,,,,,,,,
20200419,OR,,,4/19 0:00,,,,1914,766,31,340,48,9,13,27,288,392,20%,340,780,454,29%,,,,,,,,,,,,,,,,,,,,,,,,,,,,,,
20200419,PA,,,,,,,,,,,,,,,,,,,,,,,,,,,,,,,,,,,,,,,,,,,,,,,,,,,
20200419,PR,,,,,,,,,,,,,,,,,,,,,,,,,,,,,,,,,,,,,,,,,,,,,,,,,,,
20200419,RI,,,,,,,,,,,,,,,,,,,,,,,,,,,,,,,,,,,,,,,,,,,,,,,,,,,
20200419,SC,,,4/17 16:48,,,,3519,1759,1442,,,70,,,105,143,4%,,,,,106,60,44,,,2,,,,,0%,,,,,,,,,,,,,,,,,,,
20200419,SD,,,,,,,,,,,,,,,,,,,,,,,,,,,,,,,,,,,,,,,,,,,,,,,,,,,
20200419,TN,,,4/19 0:00,,,,7070,3347,1470,,130,,,,418,1705,24%,441,4456,2173,31%,148,88,47,,3,,,,2,8,5%,6,133,9,6%,,,,,,,,,,,,,,,
20200419,TX,,,4/19 13:00,,,,2574,944,296,663,110,,,,18,543,21%,,,,,189,69,18,30,1,,,,,71,38%,,,,,,,,,,,,,,,,,,,
20200419,UT,,,,,,,,,,,,,,,,,,,,,,,,,,,,,,,,,,,,,,,,,,,,,,,,,,,
20200419,VA,,,4/19 0:00,,,,8537,2830,1578,,,,,,1059,3070,36%,,,,,,,,,,,,,,,,,,,,,,,,,,,,,,,,,,
20200419,VI,,,,,,,,,,,,,,,,,,,,,,,,,,,,,,,,,,,,,,,,,,,,,,,,,,,
20200419,VT,,,,,,,,,,,,,,,,,,,,,,,,,,,,,,,,,,,,,,,,,,,,,,,,,,,
20200419,WA,,,4/19 2:59,,,,11790,3703,464,1835,691,97,95,1,129,4775,41%,,,,,634,414,16,38,59,7,3,7,12,78,12%,,,,,,,,,,,,,,,,,,,
20200419,WI,,,4/19 0:00,,,,4346,2214,1025,,116,37,,,145,809,19%,628,2819,899,21%,220,132,80,,5,2,,,0,1,0%,11,207,2,1%,,,,,,,,,,,,,,,
20200419,WV,,,,,,,,,,,,,,,,,,,,,,,,,,,,,,,,,,,,,,,,,,,,,,,,,,,
20200419,WY,,,,,,,,,,,,,,,,,,,,,,,,,,,,,,,,,,,,,,,,,,,,,,,,,,,
20200415,AK,,,4/15 0:00,,,,293,133,4,,25,13,3,6,3,106,36%,15,154,124,42%,9,2,0,,2,2,1,0,0,2,22%,0,5,4,44%,,,,,,,,,,,,,,,
20200415,AL,,,4/15 0:00,,,,4241,1996,1594,,41,,,,85,525,12%,134,3328,779,18%,82,34,43,,3,,,,,2,2%,3,71,8,10%,,,,,,,,,,,,,,,
20200415,AR,,,4/15 17:46,,,,1569,945,441,,21,4,5,5,45,103,7%,,,,,,,,,,,,,,,,,,,,,,,,,,,,,,,,,,
20200415,AS,,,,,,,,,,,,,,,,,,,,,,,,,,,,,,,,,,,,,,,,,,,,,,,,,,,
20200415,AZ,,,4/15 0:00,,,,3962,785,81,366,,266,67,,34,2363,60%,,,,,142,55,5,15,,29,2,,,36,25%,,,,,,,,,,,,,,,,,,,
20200415,CA,,,4/14 0:00,,,,24424,4921,1111,5873,2063,31,317,317,1270,8521,35%,,,,,821,278,85,214,104,2,6,,13,119,14%,,,,,,,,,,,,,,,,,,,
20200415,CO,,,4/15 18:00,,,,8280,4738,582,2441,214,40,43,13,86,123,1%,,,N/A,,357,247,25,63,10,2,4,3,,3,1%,,,,,,,,,,,,,,,,,,,Colorado excludes unknowns from its racial tally
20200415,CT,,,4/13 11:30,,,,13381,3419,1145,1447,144,,,,85,7141,53%,,,,,602,409,85,58,9,,,,9,32,5%,,,,,,,,,,,,,,,,,,,
20200415,DC,,,4/14 0:00,,,,2197,411,1009,,31,7,2,300,,437,20%,324,1340,533,24%,72,8,54,8,2,,,,,,0%,,,,,,,,,,,,,,,,,,,
20200415,DE,,,4/9 13:38,,,,,,,,,,,,,,,,,,,35,16,,,,,,,19,,0%,,,,,,,,,,,,,,,,,,,
20200415,FL,,,,,,,,,,,,,,,,,,,,,,,,,,,,,,,,,,,,,,,,,,,,,,,,,,,
20200415,GA,,,,,,,15828,2645,3780,568,131,12,10,0,98,8584,54%,568,5630,9062,59%,596,216,299,20,8,1,0,0,7,45,8%,,,,,,,,,,,,,,,,,,,
20200415,GU,,,,,,,,,,,,,,,,,,,,,,,,,,,,,,,,,,,,,,,,,,,,,,,,,,,
20200415,HI,,,,,,,,,,,,,,,,,,,,,,,,,,,,,,,,,,,,,,,,,,,,,,,,,,,
20200415,IA,,,4/14 12:00,,,,2337,1492,183,345,65,,,,29,223,10%,345,1480,167,8%,,,,,,,,,,,,,,,,,,,,,,,,,,,,,,
20200415,ID,,,,,,,,,,,,,,,,,,,,,,,,,,,,,,,,,,,,,,,,,,,,,,,,,,,
20200415,IL,,,4/15 0:00,,,,24593,6127,6331,3357,847,34,33,,1117,6747,27%,,,,,948,355,397,89,33,1,2,,16,55,6%,,,,,27347,15504,5689,2425,95,70,,5655,60144,51%,,,,,
20200415,IN,,,4/11 11:59,,,,8953,4468,1576,,71,,,,1137,1701,19%,322,3465,5167,58%,439,280,91,5,2,,,,34,27,6%,5,255,174,40%,,,,,,,,,,,,,,,
20200415,KS,,,,,,,,,,,,,,,,,,,,,,,,,,,,,,,,,,,,,,,,,,,,,,,,,,,
20200415,KY,,,4/15 17:00,,,,2291,1348,194,,43,1,,82,,623,27%,,,,,122,77,22,,1,,,,,22,18%,,,,,,,,,,,,,,,,,,,
20200415,LA,,,4/13 0:00,,,,,,,,,,,,,,,,,,,1103,333,653,,9,,1,,7,100,9%,11,808,284,26%,,,,,,,,,,,,,,,
20200415,MA,,,4/15 10:00,,,,29918,5437,1749,2537,397,,,,916,18882,63%,2537,8499,18882,63%,1108,306,40,50,16,,,,21,675,61%,50,383,675,61%,,,,,,,,,,,,,,,
20200415,MD,,,4/15 10:00,,,,10032,2425,3724,1075,230,,,,357,2221,22%,1075,6736,2221,22%,349,109,139,13,10,,,,7,71,20%,13,265,71,20%,,,,,,,,,,,,,,,
20200415,ME,,,,,,,,,,,,,,,,,,,,,,,,,,,,,,,,,,,,,,,,,,,,,,,,,,,
20200415,MI,,,4/15 10:00,,,,28059,7856,9259,,,280,280,1402,841,8141,29%,561,14871,12627,45%,1921,768,768,,,,19,38,38,290,15%,19,1306,596,31%,,,,,,,,,,,,,,,
20200415,MN,,,4/14 17:00,,,,1815,1212,180,,72,18,8,,36,289,16%,90,1392,325,18%,86,73,1,,1,1,,,,10,12%,2,73,11,13%,,,,,,,,,,,,,,,
20200415,MO,,,4/15 15:00,,,,4895,1762,1419,,,,,146,97,1471,30%,195,2839,1861,38%,147,54,48,,,,,1,2,42,29%,5,92,50,34%,,,,,,,,,,,,,,,
20200415,MP,,,,,,,,,,,,,,,,,,,,,,,,,,,,,,,,,,,,,,,,,,,,,,,,,,,
20200415,MS,,,4/14 19:00,,,,3360,1243,1881,,,,,,236,,0%,,,,,96,32,63,,,,,,,1,1%,,,,,,,,,,,,,,,,,,,
20200415,MT,,,4/15 12:00,,,,404,319,1,,1,14,,,1,68,17%,,,,,,,,,,,,,,,,,,,,,,,,,,,,,,,,,,
20200415,NC,,,4/15 11:00,,,,5123,2177,1507,,71,19,10,,148,1191,23%,289,3007,1827,36%,117,62,40,,1,,,,3,11,9%,3,91,23,20%,,,,,,,,,,,,,,,
20200415,ND,,,,,,,,,,,,,,,,,,,,,,,,,,,,,,,,,,,,,,,,,,,,,,,,,,,
20200415,NE,,,,,,,,,,,,,,,,,,,,,,,,,,,,,,,,,,,,,,,,,,,,,,,,,,,
20200415,NH,,,,,,,,,,,,,,,,,,,,,,,,,,,,,,,,,,,,,,,,,,,,,,,,,,,
20200415,NJ,,,4/7 0:00,,,,,,,,,,,,,,,,,,,726,435,175,,36,,,,80,,0%,,,,,,,,,,,,,,,,,,,
20200415,NM,,,4/15 17:29,,,,1467,348,46,382,25,544,,,,122,8%,,,,,,,,,,,,,,,,,,,,,,,,,,,,,,,,,,
20200415,NV,,,,,,,,,,,,,,,,,,,,,,,,,,,,,,,,,,,,,,,,,,,,,,,,,,,
20200415,NY,,,,,,,,,,,,,,,,,,,,,,10578,2824,1862,2091,457,,,,304,3040,29%,,,,,,,,,,,,,,,,,,,
20200415,OH,,,4/15 14:00,,,,7791,4198,1598,,141,4,3,210,324,1313,17%,218,5201,2372,30%,361,261,48,,1,,,6,6,39,11%,7,284,70,19%,,,,,,,,,,,,,,,
20200415,OK,,,,,,,,,,,,,,,,,,,,,,,,,,,,,,,,,,,,,,,,,,,,,,,,,,,
20200415,OR,,,,,,,,,,,,,,,,,,,,,,,,,,,,,,,,,,,,,,,,,,,,,,,,,,,
20200415,PA,,,,,,,,,,,,,,,,,,,,,,,,,,,,,,,,,,,,,,,,,,,,,,,,,,,
20200415,PR,,,,,,,,,,,,,,,,,,,,,,,,,,,,,,,,,,,,,,,,,,,,,,,,,,,
20200415,RI,,,,,,,,,,,,,,,,,,,,,,,,,,,,,,,,,,,,,,,,,,,,,,,,,,,
20200415,SC,,,4/15 11:24,,,,3114,1573,1265,,,,,,153,123,4%,147,2336,473,16%,91,36,45,,,,,,,10,11%,,,,,,,,,,,,,,,,,,,(MM 4/16) SC reporting is not clear. Could use clarification on some questions: are there still 10 unknown race deaths?  Why are there 101% of cases
20200415,SD,,,,,,,,,,,,,,,,,,,,,,,,,,,,,,,,,,,,,,,,,,,,,,,,,,,
20200415,TN,,,4/15 0:00,,,,6079,2972,1218,,88,,,,350,1451,24%,346,3873,1860,31%,,,,,,,,,,,,,,,,,,,,,,,,,,,,,,
20200415,TX,,,4/15 11:00,,,,2182,838,250,552,98,,,,16,428,20%,,,,,,,,,,,,,,,,,,,,,,,,,,,,,,,,,,
20200415,UT,,,,,,,,,,,,,,,,,,,,,,,,,,,,,,,,,,,,,,,,,,,,,,,,,,,
20200415,VA,,,4/15 0:00,,,,6889,2214,1278,,,,,,788,2609,38%,,,,,,,,,,,,,,,,,,,,,,,,,,,,,,,,,,
20200415,VI,,,,,,,,,,,,,,,,,,,,,,,,,,,,,,,,,,,,,,,,,,,,,,,,,,,
20200415,VT,,,,,,,,,,,,,,,,,,,,,,,,,,,,,,,,,,,,,,,,,,,,,,,,,,,
20200415,WA,,,4/15 2:59,,,,10783,3396,400,1532,601,84,78,1,113,4578,42%,1532,4673,4578,42%,567,378,15,33,54,5,2,6,10,64,11%,33,470,64,11%,,,,,,,,,,,,,,,
20200415,WI,,,4/14 0:00,,,,3721,1881,916,,90,34,,,98,702,19%,443,2490,788,21%,182,104,71,,4,2,,0,0,1,1%,9,171,2,1%,,,,,,,,,,,,,,,
20200415,WV,,,,,,,,,,,,,,,,,,,,,,,,,,,,,,,,,,,,,,,,,,,,,,,,,,,
20200415,WY,,,,,,,,,,,,,,,,,,,,,,,,,,,,,,,,,,,,,,,,,,,,,,,,,,,
20200412,AK,,,,,,,,,,,,,,,,,,,,,,,,,,,,,,,,,,,,,,,,,,,,,,,,,,,
20200412,AL,,,,,,,3582,1657,1279,,37,,,,66,543,15%,100,2695,788,22%,,,,,,,,,,,,,,,,,,,,,,,,,,,,,,
20200412,AR,,,,,,,1280,814,324,,20,4,3,3,35,77,6%,,,,,,,,,,,,,,,,,,,,,,,,,,,,,,,,,,
20200412,AS,,,,,,,,,,,,,,,,,,,,,,,,,,,,,,,,,,,,,,,,,,,,,,,,,,,
20200412,AZ,,,,,,,3539,661,65,286,,223,61,,27,2216,63%,,,,,114,28,2,8,3,18,,,,55,48%,,,,,,,,,,,,,,,,,,,
20200412,CA,,,,,,,21794,4323,945,4729,1756,27,270,,1216,8528,39%,,,,,651,224,54,147,92,2,4,,10,118,18%,,,,,,,,,,,,,,,,,,,
20200412,CO,,,,,,,,,,,,,,,,,,,,,,,,,,,,,,,,,,,,,,,,,,,,,,,,,,,
20200412,CT,,,,,,,11510,3030,993,1277,124,,,,73,6013,52%,,,,,494,343,65,45,6,,,,6,29,6%,,,,,,,,,,,,,,,,,,,
20200412,DC,,,,,,,1874,354,852,,26,,6,242,,394,21%,241,1146,488,26%,50,6,36,6,2,,,,,,0%,,,,,,,,,,,,,,,,,,,
20200412,DE,,,,,,,,,,,,,,,,,,,,,,35,16,,,,,,,19,,0%,,,,,,,,,,,,,,,,,,,
20200412,FL,,,,,,,,,,,,,,,,,,,,,,,,,,,,,,,,,,,,,,,,,,,,,,,,,,,
20200412,GA,,,,,,,12922,2023,2741,372,86,10,7,28,186,7469,58%,372,4299,7879,63%,,,,,,,,,,,,,,,,,,,,,,,,,,,,,,
20200412,GU,,,,,,,,,,,,,,,,,,,,,,,,,,,,,,,,,,,,,,,,,,,,,,,,,,,
20200412,HI,,,,,,,,,,,,,,,,,,,,,,,,,,,,,,,,,,,,,,,,,,,,,,,,,,,
20200412,IA,,,,,,,,,,,,,,,,,,,,,,,,,,,,,,,,,,,,,,,,,,,,,,,,,,,
20200412,ID,,,,,,,,,,,,,,,,,,,,,,,,,,,,,,,,,,,,,,,,,,,,,,,,,,,
20200412,IL,,,,,,,20852,5214,5458,2513,691,24,28,,988,5936,28%,,,,,720,259,308,70,27,2,1,,12,41,6%,,,,,23580,13233,4419,2089,82,62,,4863,52407,52%,,,,,
20200412,IN,,,,,,,7928,3734,1331,,55,,,,919,1889,24%,3068,269,4591,58%,343,219,68,,1,,,,24,31,9%,5,200,138,40%,,,,,,,,,,,,,,,
20200412,KS,,,,,,,,,,,,,,,,,,,,,,,,,,,,,,,,,,,,,,,,,,,,,,,,,,,
20200412,KY,,,,,,,1959,1123,159,,34,1,,54,,588,30%,,,,,1942,1225,342,,2,,,,,373,19%,,,,,,,,,,,,,,,,,,,
20200412,LA,,,,,,,,,,,,,,,,,,,,,,,,,,,,,,,,,,,,,,,,,,,,,,,,,,,
20200412,MA,,,,,,,25475,4271,1358,1885,331,,,,733,16897,66%,1885,6693,16897,66%,756,199,20,28,13,,,,16,480,63%,28,49,480,86%,,,,,,,,,,,,,,,
20200412,MD,,,,,,,8251,2300,3200,,190,,,,861,1700,21%,,,,,235,83,104,,8,,,,12,28,12%,,,,,,,,,,,,,,,,,,,
20200412,ME,,,,,,,,,,,,,,,,,,,,,,,,,,,,,,,,,,,,,,,,,,,,,,,,,,,
20200412,MI,,,,,,,24635,6652,8130,,,246,246,985,739,7637,31%,492,12811,11333,46%,1483,535,594,,,,14,14,29,297,20%,14,951,520,35%,,,,,,,,,,,,,,,
20200412,MN,,,,,,,1642,1086,145,,64,16,8,,48,275,17%,81,1231,307,19%,70,58,1,,1,,1,,,9,13%,2,58,9,13%,,,,,,,,,,,,,,,
20200412,MO,,,,,,,4158,1414,1123,,,,,166,83,1372,33%,166,2246,1747,42%,108,37,28,,,,,2,2,39,36%,4,62,42,39%,,,,,,,,,,,,,,,
20200412,MP,,,,,,,,,,,,,,,,,,,,,,,,,,,,,,,,,,,,,,,,,,,,,,,,,,,
20200412,MS,,,,,,,2780,1001,1529,,,,,,250,,0%,,,,,95,32,63,,,,,,,,0%,,,,,,,,,,,,,,,,,,,
20200412,MT,,,,,,,387,305,1,,1,13,,,1,66,17%,,,,,,,,,,,,,,,,,,,,,,,,,,,,,,,,,,
20200412,NC,,,,,,,4520,1768,1245,,54,16,8,,114,1315,29%,239,2487,1794,40%,81,46,29,,1,,,,,5,6%,2,68,11,14%,,,,,,,,,,,,,,,
20200412,ND,,,,,,,,,,,,,,,,,,,,,,,,,,,,,,,,,,,,,,,,,,,,,,,,,,,
20200412,NE,,,,,,,,,,,,,,,,,,,,,,,,,,,,,,,,,,,,,,,,,,,,,,,,,,,
20200412,NH,,,,,,,,,,,,,,,,,,,,,,,,,,,,,,,,,,,,,,,,,,,,,,,,,,,
20200412,NJ,,,,,,,,,,,,,,,,,,,,,,726,435,175,,36,,,,80,,0%,,,,,,,,,,,,,,,,,,,
20200412,NM,,,,,,,,,,,,,,,,,,,,,,,,,,,,,,,,,,,,,,,,,,,,,,,,,,,
20200412,NV,,,,,,,,,,,,,,,,,,,,,,,,,,,,,,,,,,,,,,,,,,,,,,,,,,,
20200412,NY,,,,,,,,,,,,,,,,,,,,,,6723,3440,2333,,576,,,,374,,0%,2656,,,0%,,,,,,,,,,,,,,,
20200412,OH,,,,,,,6604,3524,1328,,124,4,2,137,226,1259,19%,174,4268,2162,33%,253,161,33,,,,,4,3,52,21%,2,161,90,36%,,,,,,,,,,,,,,,
20200412,OK,,,,,,,,,,,,,,,,,,,,,,,,,,,,,,,,,,,,,,,,,,,,,,,,,,,
20200412,OR,,,,,,,,,,,,,,,,,,,,,,,,,,,,,,,,,,,,,,,,,,,,,,,,,,,
20200412,PA,,,,,,,,,,,,,,,,,,,,,,,,,,,,,,,,,,,,,,,,,,,,,,,,,,,
20200412,PR,,,,,,,,,,,,,,,,,,,,,,,,,,,,,,,,,,,,,,,,,,,,,,,,,,,
20200412,RI,,,,,,,,,,,,,,,,,,,,,,,,,,,,,,,,,,,,,,,,,,,,,,,,,,,
20200412,SC,,,,,,,2010,1108,780,,,,,,61,61,3%,103,1507,454,22%,61,25,28,,,,,,,8,13%,,,,,,,,,,,,,,,,,,,
20200412,SD,,,,,,,,,,,,,,,,,,,,,,,,,,,,,,,,,,,,,,,,,,,,,,,,,,,
20200412,TN,,,,,,,5308,2504,922,,73,,,,266,1543,29%,269,3291,1748,33%,,,,,,,,,,,,,,,,,,,,,,,,,,,,,,
20200412,TX,,,,,,,2021,787,223,518,91,,,,15,387,19%,,,,,,,,,,,,,,,,,,,,,,,,,,,,,,,,,,
20200412,UT,,,,,,,,,,,,,,,,,,,,,,,,,,,,,,,,,,,,,,,,,,,,,,,,,,,
20200412,VA,,,,,,,5274,1528,841,,,,,,503,2402,46%,,,,,,,,,,,,,,,,,,,,,,,,,,,,,,,,,,
20200412,VI,,,,,,,,,,,,,,,,,,,,,,,,,,,,,,,,,,,,,,,,,,,,,,,,,,,
20200412,VT,,,,,,,,,,,,,,,,,,,,,,,,,,,,,,,,,,,,,,,,,,,,,,,,,,,
20200412,WA,,,,,,,10411,2903,289,1180,451,41,61,112,104,5270,51%,1180,3961,5270,51%,508,290,9,24,36,5,1,3,7,133,26%,24,351,133,26%,,,,,,,,,,,,,,,
20200412,WI,,,,,,,3341,1680,857,,81,28,,,74,621,19%,361,2261,718,21%,144,77,61,,4,1,,0,0,1,1%,4,138,2,1%,,,,,,,,,,,,,,,
20200412,WV,,,,,,,,,,,,,,,,,,,,,,,,,,,,,,,,,,,,,,,,,,,,,,,,,,,
20200412,WY,,,,,,,,,,,,,,,,,,,,,,,,,,,,,,,,,,,,,,,,,,,,,,,,,,,