Side by Side Comparison;;;;;;;;;;;;;;;;;;;;;;;;;;;;;;;;;;;;;;;;;;;;;;;;;;;;;;;;;;
;;;;;;;;;;;;;;;;;;;;;;;;;;;;;;;;;;;;;;;;;;;;;;;;;;;;;;;;;;
;;;;;;;;;;;;;;;;;;;;;;;;;;;;;;;;;;;;;;;;;;;;;;;;;;;;;;;;;;
;Alameda County, CA;Alpine County, CA;Amador County, CA;Butte County, CA;Calaveras County, CA;Colusa County, CA;Contra Costa County, CA;Del Norte County, CA;El Dorado County, CA;Fresno County, CA;Glenn County, CA;Humboldt County, CA;Imperial County, CA;Inyo County, CA;Kern County, CA;Kings County, CA;Lake County, CA;Lassen County, CA;Los Angeles County, CA;Madera County, CA;Marin County, CA;Mariposa County, CA;Mendocino County, CA;Merced County, CA;Modoc County, CA;Mono County, CA;Monterey County, CA;Napa County, CA;Nevada County, CA;Orange County, CA;Placer County, CA;Plumas County, CA;Riverside County, CA;Sacramento County, CA;San Benito County, CA;San Bernardino County, CA;San Diego County, CA;San Francisco County, CA;San Joaquin County, CA;San Luis Obispo County, CA;San Mateo County, CA;Santa Barbara County, CA;Santa Clara County, CA;Santa Cruz County, CA;Shasta County, CA;Sierra County, CA;Siskiyou County, CA;Solano County, CA;Sonoma County, CA;Stanislaus County, CA;Sutter County, CA;Tehama County, CA;Trinity County, CA;Tulare County, CA;Tuolumne County, CA;Ventura County, CA;Yolo County, CA;Yuba County, CA
Overview;;;;;;;;;;;;;;;;;;;;;;;;;;;;;;;;;;;;;;;;;;;;;;;;;;;;;;;;;;
Total Population 2019;1,671,329;1,129;39,752;219,186;45,905;21,547;1,153,526;27,812;192,843;999,101;28,393;135,558;181,215;18,039;900,202;152,94;64,386;30,573;10,039,107;157,327;258,826;17,203;86,749;277,68;8,841;14,444;434,061;137,744;99,755;3,175,692;398,329;18,807;2,470,546;1,552,058;62,808;2,180,085;3,338,330;881,549;762,148;283,111;766,573;446,499;1,927,852;273,213;180,08;3,005;43,539;447,643;494,336;550,66;96,971;65,084;12,285;466,195;54,478;846,006;220,5;78,668
Population Growth or Decline 2010 to 2019;10.7 %;-3.9 %;4.4 %;-0.4 %;0.7 %;0.6 %;10.0 %;-2.8 %;6.5 %;7.4 %;1.0 %;0.7 %;3.8 %;-2.7 %;7.2 %;0.0 %;-0.4 %;-12.4 %;2.2 %;4.3 %;2.5 %;-5.7 %;-1.2 %;8.6 %;-8.7 %;1.7 %;4.6 %;0.9 %;1.0 %;5.5 %;14.3 %;-6.0 %;12.8 %;9.4 %;13.6 %;7.1 %;7.9 %;9.5 %;11.2 %;5.0 %;6.7 %;5.3 %;8.2 %;4.1 %;1.6 %;-7.3 %;-3.0 %;8.3 %;2.2 %;7.0 %;2.4 %;2.6 %;-10.9 %;5.4 %;-1.6 %;2.8 %;9.8 %;9.0 %
Households 2018;572,87;299;14,09;86,797;17,417;7,113;392,277;9,799;69,172;304,624;10,017;54,267;44,057;8,083;267,913;42,735;25,966;9,493;3,306,109;44,759;105,258;7,7;34,09;79,606;3,66;4,847;126,052;49,032;40,904;1,032,373;140,661;8,047;718,349;536,029;17,74;630,633;1,118,980;359,673;226,727;105,317;261,969;144,962;635,525;95,756;70,473;1,241;19,257;149,067;189,339;172,682;32,36;24,025;5,796;136,106;22,427;271,226;73,51;26,179
Labor Force (persons) 2019;844,346;551;14,9;99,242;21,428;10,993;561,757;9,674;92,022;450,76;12,997;62,507;71,411;8,76;390,999;57,788;29,158;9,869;5,121,584;61,945;139,979;7,612;38,934;116,226;3,171;8,508;222,516;74,004;48,639;1,623,421;187,932;7,903;1,104,035;712,394;31,432;967,719;1,590,591;583,186;327,077;140,931;460,044;217,882;1,053,723;142,277;74,353;1,326;17,227;209,527;259,394;243,454;45,785;25,65;4,693;203,98;21,317;423,39;108,658;29,997
Unemployment Rate 2019;2.9;5.1;3.8;5.1;3.8;12.8;3.1;5.7;3.5;7.2;6.1;3.6;18.3;3.5;7.7;7.9;5.0;4.6;4.4;6.9;2.3;4.6;4.0;8.1;7.1;3.7;6.2;2.8;3.3;2.8;3.1;7.7;4.2;3.7;5.0;3.8;3.2;2.2;5.9;2.9;2.0;3.7;2.5;4.7;4.7;5.4;6.5;3.7;2.7;6.0;7.3;5.5;5.5;9.6;4.5;3.6;4.1;6.1
Per Capita Personal Income 2018;$76,644;$73,307;$44,793;$44,346;$49,893;$49,094;$82,506;$37,268;$67,464;$43,084;$48,613;$48,739;$36,974;$61,358;$39,703;$35,306;$43,185;$37,844;$62,224;$39,897;$134,275;$53,143;$50,150;$38,519;$44,822;$51,325;$56,193;$74,984;$61,799;$69,268;$66,700;$53,599;$40,637;$52,544;$53,822;$40,316;$61,386;$130,696;$44,995;$58,491;$126,392;$62,690;$107,877;$69,355;$46,582;$46,615;$45,065;$51,664;$64,501;$44,120;$44,535;$42,483;$40,640;$40,420;$47,838;$61,712;$54,118;$40,929
Median Household Income 2018;$101,744;$55,384;$58,515;$50,945;$62,984;$57,249;$101,463;$48,518;$81,869;$52,318;$47,365;$49,471;$46,633;$53,793;$51,586;$58,255;$45,086;$57,705;$67,986;$53,632;$122,933;$51,402;$51,386;$56,169;$45,227;$66,499;$69,665;$85,624;$66,681;$89,373;$89,175;$55,079;$66,793;$69,475;$80,063;$63,310;$78,777;$110,601;$63,567;$70,626;$122,930;$75,646;$125,933;$84,213;$53,908;$52,308;$47,560;$82,808;$81,002;$59,616;$57,879;$47,572;$40,680;$48,763;$56,500;$84,170;$67,804;$47,504
Poverty Rate 2018;9.0;17.3;11.8;18.5;12.1;11.0;7.8;20.4;8.1;21.3;15.4;20.3;21.4;12.3;20.5;18.8;18.4;15.8;14.2;20.2;6.6;14.9;17.5;21.2;19.1;9.3;13.3;8.8;10.3;10.5;7.1;12.5;12.7;14.3;8.6;14.9;11.5;10.1;14.3;12.7;6.8;12.6;7.3;12.2;15.2;13.3;17.1;7.9;9.9;15.6;13.5;17.0;21.6;22.2;12.5;9.1;20.1;17.2
High School Diploma or More - Pct. of Adults 25+ 2018;88.0 %;88.9 %;90.3 %;89.3 %;90.4 %;69.4 %;89.4 %;81.0 %;93.1 %;75.3 %;75.3 %;90.3 %;69.0 %;88.8 %;73.8 %;73.7 %;85.2 %;82.8 %;78.7 %;71.9 %;93.2 %;90.4 %;86.9 %;69.4 %;85.6 %;88.7 %;71.3 %;85.1 %;94.2 %;85.1 %;94.6 %;93.9 %;81.7 %;87.4 %;79.9 %;79.5 %;87.1 %;88.5 %;78.9 %;90.9 %;89.2 %;81.0 %;88.1 %;86.4 %;90.8 %;93.3 %;90.0 %;88.0 %;88.0 %;78.3 %;78.0 %;84.4 %;90.6 %;69.8 %;90.4 %;84.4 %;86.4 %;82.0 %
Bachelor's Degree or More - Pct. of Adults 25+ 2018;46.0 %;30.0 %;20.3 %;26.5 %;18.7 %;15.4 %;41.7 %;14.3 %;33.7 %;20.7 %;13.9 %;29.8 %;14.5 %;26.1 %;16.1 %;13.5 %;15.8 %;12.0 %;31.8 %;14.5 %;58.8 %;23.4 %;24.7 %;14.0 %;15.9 %;30.6 %;24.5 %;34.9 %;36.6 %;39.9 %;38.6 %;23.5 %;21.8 %;30.4 %;19.7 %;20.3 %;38.1 %;57.1 %;18.4 %;34.6 %;49.9 %;33.8 %;51.3 %;40.0 %;22.2 %;18.7 %;22.5 %;26.2 %;34.9 %;16.9 %;17.7 %;15.5 %;19.7 %;14.3 %;20.0 %;33.1 %;41.6 %;16.7 %
Covered Employment 2018;786,038;782;12,267;83,902;9,656;9,26;368,45;8,222;57,785;390,344;9,092;50,306;62,878;7,534;324,97;47,997;16,482;9,911;4,445,761;50,196;115,817;5,582;32,695;80,539;2,502;7,371;195,65;78,965;31,714;1,627,009;168,419;6,425;738,092;664,745;16,945;752,119;1,464,125;740,879;253,099;118,32;404,241;199,914;1,098,089;104,816;66,612;501;13,878;141,574;210,145;190,8;31,211;18,616;2,727;164,037;17,515;326,879;104,004;17,919
Avg Wage per Job 2018;$76,228;$36,597;$44,721;$42,782;$40,239;$44,379;$69,004;$39,085;$50,359;$44,096;$42,525;$40,672;$40,115;$43,966;$46,509;$43,430;$39,196;$47,911;$64,921;$43,443;$72,662;$39,900;$40,019;$42,048;$38,976;$38,673;$48,027;$55,640;$45,446;$62,414;$55,698;$42,999;$45,097;$60,421;$48,428;$46,906;$61,926;$118,442;$47,130;$48,180;$126,411;$54,051;$134,664;$51,268;$43,866;$39,830;$41,250;$58,642;$54,653;$47,829;$41,584;$43,349;$41,366;$39,945;$44,148;$55,235;$60,801;$51,348
Manufacturing - Pct. All Jobs in County 2018;10.7 %;0.0 %;6.0 %;5.1 %;3.8 %;13.0 %;4.3 %;1.7 %;4.4 %;6.6 %;7.8 %;4.2 %;1.8 %;4.1 %;4.0 %;10.1 %;2.1 %;0.1 %;7.7 %;6.6 %;4.5 %;1.3 %;7.3 %;11.9 %;1.1 %;1.3 %;2.7 %;16.6 %;4.4 %;9.8 %;3.3 %;7.8 %;6.0 %;3.2 %;19.6 %;7.5 %;7.6 %;1.8 %;7.7 %;6.5 %;6.4 %;6.4 %;15.3 %;7.0 %;4.0 %;0.0 %;6.4 %;8.8 %;11.1 %;11.3 %;4.8 %;10.0 %;7.3 %;7.9 %;4.7 %;8.0 %;6.4 %;3.9 %
Manufacturing - Avg Wage per Job 2018;$95,981;$0;$39,832;$47,618;$38,041;$47,887;$98,911;$40,257;$57,816;$47,063;$56,838;$42,627;$49,111;$45,243;$57,759;$51,230;$44,106;$36,741;$74,688;$56,542;$143,884;$48,972;$52,622;$49,143;$23,351;$34,422;$51,788;$66,986;$60,779;$79,658;$65,645;$61,279;$54,646;$71,051;$60,966;$56,637;$86,098;$126,329;$56,166;$53,339;$159,221;$73,702;$219,865;$72,454;$52,932;$0;$51,543;$104,055;$74,476;$65,132;$57,632;$49,804;$80,286;$53,764;$53,987;$70,143;$61,113;$60,249
Transportation and Warehousing - Pct. All Jobs in County 2018;4.8 %;0.1 %;1.5 %;1.5 %;2.2 %;1.7 %;0.6 %;1.1 %;1.1 %;3.6 %;5.4 %;0.7 %;3.5 %;1.0 %;4.1 %;4.0 %;1.6 %;0.4 %;4.9 %;2.0 %;0.9 %;1.0 %;2.4 %;4.2 %;0.8 %;0.4 %;2.1 %;2.6 %;2.0 %;2.1 %;1.8 %;2.2 %;6.2 %;2.8 %;2.9 %;11.3 %;2.5 %;2.7 %;11.0 %;2.1 %;6.7 %;2.2 %;1.8 %;2.0 %;2.6 %;1.6 %;1.8 %;3.2 %;2.2 %;4.4 %;2.9 %;8.8 %;1.3 %;4.2 %;1.3 %;2.0 %;8.6 %;2.4 %
Transportation and Warehousing - Avg Wage per Job 2018;$70,544;$58,476;$51,436;$49,005;$49,946;$51,734;$69,892;$42,775;$43,316;$46,117;$45,328;$51,845;$39,256;$56,413;$53,333;$54,210;$53,743;$45,910;$66,378;$43,075;$75,660;$37,819;$44,401;$48,469;$35,162;$41,626;$57,995;$49,542;$45,358;$57,258;$49,821;$44,666;$41,911;$45,536;$48,238;$43,541;$50,450;$120,115;$47,118;$44,030;$66,163;$54,408;$72,889;$52,914;$50,397;$30,031;$45,670;$52,690;$57,959;$50,106;$45,041;$52,817;$50,953;$44,203;$53,447;$51,613;$54,309;$47,218
Health Care, Social Assist. - Pct. All Jobs in County 2018;14.5 %;3.8 %;0.2 %;23.0 %;11.3 %;0.0 %;17.2 %;0.1 %;13.0 %;17.6 %;0.0 %;18.1 %;16.2 %;11.1 %;11.6 %;18.1 %;28.5 %;0.3 %;17.0 %;16.8 %;14.3 %;0.0 %;18.6 %;11.8 %;7.6 %;0.0 %;10.7 %;15.1 %;17.4 %;12.0 %;15.5 %;18.9 %;14.2 %;15.3 %;7.3 %;15.2 %;13.1 %;10.2 %;14.0 %;14.1 %;10.0 %;13.1 %;11.4 %;14.5 %;22.0 %;13.0 %;17.3 %;19.1 %;15.8 %;17.7 %;14.7 %;15.4 %;0.0 %;9.8 %;16.5 %;12.3 %;9.0 %;0.5 %
Health Care, Social Assist. - Avg Wage per Job 2018;$64,518;$14,092;$77,542;$43,946;$30,751;$0;$67,649;$32,259;$52,212;$47,094;N/A;$40,270;$29,061;$62,519;$48,396;$44,368;$32,588;$45,538;$48,055;$54,401;$62,394;N/A;$39,439;$41,973;$41,895;$39,559;$57,956;$59,921;$48,953;$52,853;$71,458;$39,780;$44,198;$56,291;$28,472;$50,338;$54,503;$56,717;$49,846;$49,370;$75,463;$55,860;$71,945;$56,884;$46,794;$15,626;$44,523;$64,387;$57,923;$58,102;$43,525;$38,962;N/A;$37,219;$55,015;$48,566;$47,607;$23,160
Finance and Insurance - Pct. All Jobs in County 2018;2.2 %;N/A;1.7 %;2.3 %;1.3 %;0.9 %;5.3 %;1.0 %;5.6 %;2.3 %;1.4 %;2.3 %;1.3 %;1.0 %;1.4 %;1.1 %;1.2 %;1.0 %;3.1 %;0.9 %;2.8 %;0.5 %;1.7 %;1.6 %;1.3 %;0.4 %;1.3 %;1.7 %;2.1 %;4.9 %;5.1 %;1.6 %;1.6 %;3.6 %;1.3 %;1.7 %;3.2 %;5.7 %;2.0 %;1.9 %;4.1 %;1.8 %;1.9 %;1.9 %;2.8 %;0.0 %;1.4 %;2.5 %;2.3 %;1.7 %;2.2 %;1.1 %;1.2 %;1.7 %;1.4 %;3.8 %;1.0 %;0.9 %
Finance and Insurance - Avg Wage per Job 2018;$114,236;N/A;$58,052;$65,844;$47,776;$164,704;$116,680;$43,530;$94,235;$69,369;$62,700;$65,638;$46,413;$52,716;$63,894;$56,007;$43,806;$55,948;$129,377;$49,020;$159,590;$47,399;$51,696;$63,410;$57,353;$49,737;$88,642;$109,825;$70,507;$110,673;$90,392;$54,719;$67,915;$84,813;$72,173;$63,925;$95,407;$279,719;$66,993;$92,036;$248,855;$95,379;$193,352;$83,112;$62,118;N/A;$50,897;$67,917;$93,743;$67,672;$68,914;$52,481;$34,963;$56,367;$55,225;$91,145;$88,671;$45,761
Population Over Time;;;;;;;;;;;;;;;;;;;;;;;;;;;;;;;;;;;;;;;;;;;;;;;;;;;;;;;;;;
Population in 2019;1,671,329;1,129;39,752;219,186;45,905;21,547;1,153,526;27,812;192,843;999,101;28,393;135,558;181,215;18,039;900,202;152,94;64,386;30,573;10,039,107;157,327;258,826;17,203;86,749;277,68;8,841;14,444;434,061;137,744;99,755;3,175,692;398,329;18,807;2,470,546;1,552,058;62,808;2,180,085;3,338,330;881,549;762,148;283,111;766,573;446,499;1,927,852;273,213;180,08;3,005;43,539;447,643;494,336;550,66;96,971;65,084;12,285;466,195;54,478;846,006;220,5;78,668
Population in 2010;1,510,271;1,175;38,091;220;45,578;21,419;1,049,025;28,61;181,058;930,45;28,122;134,623;174,528;18,546;839,631;152,982;64,665;34,895;9,818,605;150,865;252,409;18,251;87,841;255,793;9,686;14,202;415,057;136,484;98,764;3,010,232;348,432;20,007;2,189,641;1,418,788;55,269;2,035,210;3,095,313;805,235;685,306;269,637;718,451;423,895;1,781,642;262,382;177,223;3,24;44,9;413,344;483,878;514,453;94,737;63,463;13,786;442,179;55,365;823,318;200,849;72,155
Population in 2000;1,450,086;1,203;35,16;203,838;40,664;18,829;953,124;27,468;157,136;801,331;26,426;126,386;142,359;17,911;663,487;129,819;58,57;33,728;9,542,100;123,626;247,6;17,108;86,373;212,14;9,39;12,896;403,114;124,604;92,521;2,856,241;251,129;20,721;1,558,970;1,230,155;53,805;1,718,577;2,826,314;777,34;568,001;247,931;708,164;399,742;1,685,849;255,812;163,771;3,551;44,194;397,001;460,364;449,536;79,171;56,146;12,949;368,611;54,67;756,384;169,892;60,395
Population in 1990;1,305,802;1,106;30,289;183,497;32,539;16,34;809,199;23,984;128,095;671,66;24,916;119,596;110,93;18,273;549,219;101,809;51,106;27,653;8,875,317;89,014;230,263;14,412;80,82;179,812;9,668;10,075;356,947;111,215;79,185;2,417,569;175,421;19,811;1,193,639;1,075,309;36,828;1,437,012;2,513,216;722,749;484,36;218,117;650,05;370,42;1,497,644;229,385;148,66;3,32;43,713;343,46;390,152;375,259;64,853;49,873;13,051;313,897;48,837;670,132;141,991;58,642
Population in 1980;1,105,379;1,097;19,314;143,851;20,71;12,791;656,331;18,217;85,812;514,621;21,35;108,525;92,11;17,895;403,089;73,738;36,366;21,661;7,477,239;63,116;222,592;11,108;66,738;134,557;8,61;8,577;290,444;99,199;51,645;1,932,921;117,247;17,34;663,199;783,381;25,005;895,016;1,861,846;678,974;347,342;155,435;587,329;298,694;1,295,071;188,141;115,613;3,073;39,732;235,203;299,681;265,9;52,246;38,888;11,858;245,738;33,928;529,174;113,374;49,733
Population change 2000 to 2010;4.2 %;-2.3 %;8.3 %;7.9 %;12.1 %;13.8 %;10.1 %;4.2 %;15.2 %;16.1 %;6.4 %;6.5 %;22.6 %;3.5 %;26.5 %;17.8 %;10.4 %;3.5 %;2.9 %;22.0 %;1.9 %;6.7 %;1.7 %;20.6 %;3.2 %;10.1 %;3.0 %;9.5 %;6.7 %;5.4 %;38.7 %;-3.4 %;40.5 %;15.3 %;2.7 %;18.4 %;9.5 %;3.6 %;20.7 %;8.8 %;1.5 %;6.0 %;5.7 %;2.6 %;8.2 %;-8.8 %;1.6 %;4.1 %;5.1 %;14.4 %;19.7 %;13.0 %;6.5 %;20.0 %;1.3 %;8.8 %;18.2 %;19.5 %
Population change 1990 to 2010;15.7 %;6.2 %;25.8 %;19.9 %;40.1 %;31.1 %;29.6 %;19.3 %;41.3 %;38.5 %;12.9 %;12.6 %;57.3 %;1.5 %;52.9 %;50.3 %;26.5 %;26.2 %;10.6 %;69.5 %;9.6 %;26.6 %;8.7 %;42.3 %;0.2 %;41.0 %;16.3 %;22.7 %;24.7 %;24.5 %;98.6 %;1.0 %;83.4 %;31.9 %;50.1 %;41.6 %;23.2 %;11.4 %;41.5 %;23.6 %;10.5 %;14.4 %;19.0 %;14.4 %;19.2 %;-2.4 %;2.7 %;20.3 %;24.0 %;37.1 %;46.1 %;27.2 %;5.6 %;40.9 %;13.4 %;22.9 %;41.5 %;23.0 %
Population change 1980 to 2010;36.6 %;7.1 %;97.2 %;52.9 %;120.1 %;67.5 %;59.8 %;57.1 %;111.0 %;80.8 %;31.7 %;24.0 %;89.5 %;3.6 %;108.3 %;107.5 %;77.8 %;61.1 %;31.3 %;139.0 %;13.4 %;64.3 %;31.6 %;90.1 %;12.5 %;65.6 %;42.9 %;37.6 %;91.2 %;55.7 %;197.2 %;15.4 %;230.2 %;81.1 %;121.0 %;127.4 %;66.2 %;18.6 %;97.3 %;73.5 %;22.3 %;41.9 %;37.6 %;39.5 %;53.3 %;5.4 %;13.0 %;75.7 %;61.5 %;93.5 %;81.3 %;63.2 %;16.3 %;79.9 %;63.2 %;55.6 %;77.2 %;45.1 %
Net Domestic Migration;-11,626;35;451;-11,249;323;10;-3,497;53;2,11;-348;337;-625;-2;57;-291;197;215;-133;-100,808;-464;-1,416;-179;-660;1,381;65;-120;-2,85;-985;465;-21,358;5,687;126;13,17;3,456;926;-914;-19,731;-6,094;4,842;-245;-8,953;-1,924;-28,421;-1,339;514;20;133;277;-4,534;-679;95;1,014;-239;-1,96;232;-5,193;-1,312;542
Net International Migration;8,54;1;17;103;15;-33;2,916;15;75;479;-31;-17;33;18;81;-74;-26;7;21,05;-139;432;9;-60;-144;5;64;-90;-13;-3;6,178;79;-3;303;3,042;-38;162;6,733;4,498;687;-7;3,61;553;13,409;59;193;0;2;280;97;144;100;-29;-1;-270;20;140;857;0
Natural Increase (births minus deaths);7,684;5;-120;-105;-131;153;3,592;6;-75;7,039;120;-38;1,649;19;6,666;1,434;-117;79;44,799;1,048;151;-31;73;2,299;-29;96;3,055;-44;-208;14,888;241;-56;11,334;6,824;450;14,118;17,551;2,509;4,137;23;3,238;2,102;10,455;655;-320;-12;-143;1,377;130;3,076;433;78;-43;3,823;-155;2,92;829;566
Births;18,628;10;307;2,422;397;282;12,07;261;1,624;14,506;371;1,352;2,728;191;13,144;2,321;731;281;112,963;2,108;2,149;149;933;4,086;71;126;5,797;1,235;778;36,406;3,721;157;29,482;19,192;774;29,341;40,603;8,868;9,975;2,488;8,425;5,39;21,713;2,54;1,977;25;382;5,088;4,509;7,393;1,267;739;118;7,032;466;9,161;2,215;1,149
Deaths;10,944;5;427;2,527;528;129;8,478;255;1,699;7,467;251;1,39;1,079;172;6,478;887;848;202;68,164;1,06;1,998;180;860;1,787;100;30;2,742;1,279;986;21,518;3,48;213;18,148;12,368;324;15,223;23,052;6,359;5,838;2,465;5,187;3,288;11,258;1,885;2,297;37;525;3,711;4,379;4,317;834;661;161;3,209;621;6,241;1,386;583
Population Estimates by Age in 2019;;;;;;;;;;;;;;;;;;;;;;;;;;;;;;;;;;;;;;;;;;;;;;;;;;;;;;;;;;
Preschool (0 to 4);97,506;39;1,534;12,523;1,936;1,589;65,505;1,584;8,672;78,636;2,051;7,364;15,092;1,011;71,173;11,639;3,683;1,384;624,745;11,807;12,292;762;5,143;21,254;402;464;32,318;7,318;4,221;188,956;20,325;859;158,008;99,356;3,902;154,616;211,969;39,519;52,723;13,457;44,775;28,356;118,688;14,535;10,52;112;2,257;26,706;25,736;39,41;6,614;3,867;571;38,504;2,389;51,709;12,467;6,126
School Age (5 to 17);247,007;200;4,288;33,135;5,832;4,294;195,795;4,37;29,344;201,343;5,419;18,895;36,584;2,624;186,577;29,296;9,607;3,542;1,621,776;31,007;40,616;2,103;13,748;58,808;1,331;2,225;81,807;22,576;12,968;522,232;65,394;2,204;455,8;263,405;11,701;418,236;514,375;77,378;148,783;37,035;116,473;70,761;313,996;39,226;28,153;329;6,54;72,107;75,082;107,497;18,502;11,311;1,601;105,024;6,624;147,89;33,452;14,748
College Age (18 to 24);142,783;123;2,487;33,527;2,865;1,947;94,428;2,033;13,929;101,646;2,503;17,563;19,202;1,206;93,203;16,819;4,464;3,869;1,006,042;15,184;16,846;1,016;6,732;30,979;432;1,443;44,559;12,416;6,126;301,482;28,875;1,206;239,249;134,979;5,737;230,809;353,113;63,596;72,469;43,402;56,788;70,806;165,715;41,139;14,261;159;2,951;40,064;42,531;52,476;8,535;4,861;724;47,876;3,796;81,828;43,003;7,418
Young Adult (25 to 44);516,424;231;8,073;52,758;8,141;5,401;295,476;7,529;39,305;269,117;6,832;35,373;48,043;4,065;246,474;45,669;13,679;10,64;2,997,389;41,051;54,573;3,499;20,088;71,483;1,988;3,827;119,258;35,038;20,726;869,04;90,501;3,558;632,544;432,095;15,535;593,129;978,24;340,224;195,573;62,808;222,084;109,098;585,883;65,427;41,872;567;8,725;117,987;127,183;145,266;24,925;14,541;2,475;122,186;12,232;217,77;54,436;21,123
Older Adult (45 to 64);424,063;260;11,495;54,913;14,247;5,267;312,261;7,323;58,66;212,95;6,792;33,926;38,849;5,031;193,621;32,085;18,774;7,593;2,548,823;35,167;81,343;5,47;23,866;57,231;2,492;4,185;99,755;37,822;29,874;841,984;103,883;5,884;569,076;377,981;15,347;505,28;805,541;217,889;173,203;71,995;207,948;99,942;491,01;72,437;48,658;910;12,604;117,276;139,688;126,882;23,068;16,828;4,102;96,496;15,54;225,48;46,178;17,003
Older (65 plus);215,917;293;9,952;40,219;12,214;2,966;169,782;4,585;36,751;114,438;4,3;22,647;22,446;4,148;92,005;14,567;13,941;4,157;1,299,277;20,797;54,625;4,69;17,845;29,32;2,293;2,03;55,515;25,36;25,177;440,488;71,099;4,988;328,609;202,207;7,194;233,343;439,595;131,438;89,461;52,758;117,867;64,775;246,908;41,001;35,621;853;10,463;64,39;91,097;67,77;14,228;11,965;3,389;50,391;13,351;123,435;25,441;9,075
Median Age;37.4;44.3;50.5;37.1;52.1;35.1;39.4;38.6;45.8;32.0;36.6;38.0;32.4;45.7;31.5;31.7;45.6;36.0;36.2;33.9;46.5;51.4;42.8;30.9;47.7;38.3;34.1;41.1;50.1;37.8;41.9;52.2;35.3;36.0;35.5;33.1;35.6;38.2;34.1;39.1;39.6;33.7;37.0;37.4;41.8;55.5;48.0;37.9;41.7;34.0;35.7;40.9;51.8;30.8;48.4;37.9;31.0;32.5
Population Estimates by Race and Hispanic Origin in 2019;;;;;;;;;;;;;;;;;;;;;;;;;;;;;;;;;;;;;;;;;;;;;;;;;;;;;;;;;;
American Ind. or Alaskan Native Alone;10,712;311;305;2,885;492;201;5,529;2,024;1,268;10,961;670;6,797;1,801;2,101;9,488;2,291;2,426;877;70,527;2,505;737;397;3,591;1,988;298;527;3,221;1,198;864;14,466;1,89;428;19,281;10,34;422;17,894;20,98;2,746;4,725;1,9;2,922;4,389;9,303;1,375;4,704;25;1,469;2,114;4,854;4,261;936;1,621;577;5,469;997;7,069;1,247;1,079
Asian Alone;486,434;8;499;10,151;568;324;185,065;977;8,291;100,017;820;4,16;2,684;290;41,842;5,946;661;437;1,469,968;3,294;15;243;1,689;20,131;140;339;24,342;11,373;1,008;635,672;27,535;200;152,13;235,474;1,739;149,837;390,418;297,667;112,997;10,234;215,337;23,863;689,176;12,601;5,427;0;678;67,813;20,087;29,248;14,635;964;207;16,462;749;61,772;29,612;5,104
Black Alone;177,135;9;790;3,477;302;362;97,333;785;1,494;47,372;255;1,585;4,591;161;48,179;9,687;1,562;2,738;823,987;5,026;5,709;166;531;8,772;149;105;11,2;2,867;655;54,732;6,197;194;153,545;149,064;440;178,404;166,412;45,402;52,023;5,265;17,849;8,626;48,058;2,596;2,209;6;632;61,826;7,96;15,534;2,006;471;87;7,326;926;14,835;5,834;2,432
Native Hawaiian and Other Pac. Isl. Alone;13,768;8;73;427;126;53;5,585;17;406;1,77;51;436;419;35;1,698;337;30;205;27,929;169;584;54;170;623;6;0;2,011;272;154;9,442;839;41;6,843;16,715;117;6,506;13,903;2,911;4,463;258;10,504;814;7,541;316;191;0;149;4,113;1,636;3,973;569;19;158;697;134;1,771;984;343
White Alone;681,725;723;32,989;186,095;41,375;18,854;648,325;20,958;164,202;627,437;23,127;108,784;115,817;14,557;663,592;98,429;49,463;25,672;5,186,859;111,621;203,342;15,579;73,121;154,376;8,046;12,017;256,709;102,711;91,579;1,950,902;313,636;16,654;1,450,134;875,793;48,851;1,305,047;2,335,447;406,538;411,958;242,078;391,024;344,026;865,46;208,476;155,84;2,89;36,971;231,149;375,519;408,817;66,752;54,119;11,136;352,259;47,189;680,197;145,778;56,344
Two or More Race Groups;104,155;87;1,799;14,15;1,825;558;78,434;1,695;6,949;39,323;558;8,228;7,542;619;31,136;6,414;1,958;666;397,68;5,454;12,661;705;4,3;11,033;247;385;18,343;5,371;3,453;128,289;18,06;718;106,112;107,565;2,812;101,117;170,366;47,356;74,686;10,139;42,725;19,996;96,665;12,855;7,299;9;2,922;31,563;27,839;22,607;6,539;2,54;320;15,521;2,505;37,561;13,748;6,065
Non-Hispanic or Latino;1,274,639;1,041;32,697;190,717;39,938;8,809;845,146;22,084;163,03;462,223;16,393;120,408;29,197;14,158;417,211;68,921;51,318;25,351;5,204,449;66,207;218,96;15,631;65,743;110,581;7,646;10,308;180,624;92,843;89,811;2,083,987;327,579;17,07;1,228,769;1,162,998;24,168;1,007,600;2,195,908;737,393;430,956;218,453;576,933;243,678;1,426,745;182,089;161,48;2,606;38,204;324,124;368,332;293,328;66,518;47,75;11,932;165,328;47,405;488,095;147,168;54,503
Hispanic or Latino;369,061;105;5,132;36,358;5,297;12,655;288,101;5,34;23,631;515,907;11,504;15,36;151,019;3,927;465,842;81,154;12,83;5,834;4,893,603;88,806;41,335;1,909;21,679;158,494;1,292;3,866;252,588;47,687;9,281;1,080,195;52,498;1,629;1,154,517;347,025;35,248;1,127,813;1,106,925;132,651;301,256;63,002;189,002;200,06;495,455;91,676;17,605;324;5,336;114,406;132,985;245,973;29,354;15,623;930;295,149;6,527;360,017;67,809;20,99
Hispanic or Latino Population in 2019;;;;;;;;;;;;;;;;;;;;;;;;;;;;;;;;;;;;;;;;;;;;;;;;;;;;;;;;;;
Puerto Rican;11,852;0;207;474;103;79;8,859;144;698;3,874;61;395;662;202;4,769;492;252;64;45,178;512;988;56;393;1,21;12;62;2,367;566;249;13,055;2,298;93;18,046;9,916;200;18,937;23,192;4,87;4,89;1,216;4,089;1,593;9,891;908;610;1;115;5,309;1,877;3,334;432;65;8;1,083;113;3,409;1,349;282
Other;79,659;5;881;4,753;789;648;82,363;1,113;4,27;30,711;582;2,641;4,815;421;31,68;3,227;1,576;246;1,091,999;3,799;21,768;208;1,374;5,946;74;259;14,356;5,618;1,625;132,763;9,978;158;108,37;45,889;2,229;138,772;88,386;57,409;24,747;7,994;68,051;14,385;67,414;9,42;3,525;59;708;19,433;16,667;15,454;1,967;1,068;169;8,43;1,55;33,026;8,156;1,785
White, Not Hispanic (reporting white alone);523,391;678;29,763;164,39;36,905;7,672;502,951;17,172;145,99;291,455;14,507;101,305;19,773;11,389;307,03;49,058;45,623;20,528;2,659,052;53,531;185,809;14,125;57,314;76,008;6,962;9,234;131,238;74,159;84,47;1,296,036;278,38;15,571;856,468;682,5;20,78;623,262;1,515,380;353,67;237,887;194,574;303,047;199,356;615,912;157,54;143,575;2,567;33,39;168,87;318,237;229,796;44,769;43,539;10,607;133,617;43,364;388,301;101,274;42,085
Hispanic;369,061;105;5,132;36,358;5,297;12,655;288,101;5,34;23,631;515,907;11,504;15,36;151,019;3,927;465,842;81,154;12,83;5,834;4,893,603;88,806;41,335;1,909;21,679;158,494;1,292;3,866;252,588;47,687;9,281;1,080,195;52,498;1,629;1,154,517;347,025;35,248;1,127,813;1,106,925;132,651;301,256;63,002;189,002;200,06;495,455;91,676;17,605;324;5,336;114,406;132,985;245,973;29,354;15,623;930;295,149;6,527;360,017;67,809;20,99
Mexican;274,265;100;4,04;30,814;4,384;11,887;194,361;4,066;18,53;480,432;10,845;12,044;145,35;3,304;428,451;77,184;11,002;5,508;3,716,024;84,339;17,8;1,631;19,83;151,086;1,206;3,545;235,557;41,357;7,05;925,437;39,564;1,372;1,021,154;288,722;32,751;962,717;988,555;67,949;270,79;53,377;115,053;183,557;415,406;81,122;13,316;264;4,463;88,5;114,035;226,946;26,868;14,477;735;285,056;4,795;322,089;57,951;18,831
Cuban;3,285;0;4;317;21;41;2,518;17;133;890;16;280;192;0;942;251;0;16;40,402;156;779;14;82;252;0;0;308;146;357;8,94;658;6;6,947;2,498;68;7,387;6,792;2,423;829;415;1,809;525;2,744;226;154;0;50;1,164;406;239;87;13;18;580;69;1,493;353;92
Households in 2018;;;;;;;;;;;;;;;;;;;;;;;;;;;;;;;;;;;;;;;;;;;;;;;;;;;;;;;;;;
Total Households;572,87;299;14,09;86,797;17,417;7,113;392,277;9,799;69,172;304,624;10,017;54,267;44,057;8,083;267,913;42,735;25,966;9,493;3,306,109;44,759;105,258;7,7;34,09;79,606;3,66;4,847;126,052;49,032;40,904;1,032,373;140,661;8,047;718,349;536,029;17,74;630,633;1,118,980;359,673;226,727;105,317;261,969;144,962;635,525;95,756;70,473;1,241;19,257;149,067;189,339;172,682;32,36;24,025;5,796;136,106;22,427;271,226;73,51;26,179
Family Households;383,468;177;9,446;51,436;11,776;5,466;282,085;6,039;48,535;221,08;7,39;30,101;33,88;4,3;200,379;32,786;15,359;6,141;2,207,265;34,804;65,685;5,019;20,783;60,642;2,173;2,524;91,714;33,73;26,483;741,721;98,332;4,859;524,557;355,363;14,175;481,066;753,761;172,19;168,502;66,58;183,144;95,27;456,44;61,058;46,145;720;11,671;107,267;120,415;127,767;23,697;16,004;3,477;104,65;13,77;197,226;46,152;18,583
Married with Children;134,501;28;2,113;13,3;1,795;1,895;96,123;1,531;13,674;66,136;2,401;7,172;9,886;905;68,134;11,42;3,404;1,457;642,979;11,086;22,508;1,098;5,169;20,162;529;637;29,902;10,665;5,97;248,807;32,81;1,018;170,965;109,516;4,664;149,185;242,778;46,735;56,859;16,987;63,669;29,627;173,5;18,086;10,826;71;2,564;29,578;34,29;42,188;7,824;4,083;566;35,299;3,118;63,468;16,343;5,906
Married without Children;154,001;117;5,628;23,886;7,275;2,167;118,902;2,774;26,93;76,699;3,195;13,454;12,249;2,306;68,724;10,637;7,295;3,442;842,314;14,804;31,264;2,942;9,763;20,594;1,221;1,486;36,1;15,519;15,736;315,878;48,125;2,775;217,162;136,341;6,047;177,946;318,831;83,271;60,19;35,931;80,321;41,453;188,38;28,449;23,513;492;6,189;46,339;56,927;47,672;9,6;7,417;1,992;35,584;7,773;87,178;18,896;7,41
Single Parents;40,874;14;816;6,845;1,131;942;31,873;859;3,829;43,943;923;5,088;5,41;527;35,604;6,397;2,427;678;309,423;5,04;6,528;418;3,288;11,537;204;253;13,019;3,439;2,506;76,115;8,742;443;67,737;54,489;1,952;76,906;92,411;13,712;26,63;6,938;14,864;12,768;39,585;6,797;6,077;58;1,416;15,236;13,847;20,021;3,639;2,497;533;19,209;1,172;20,997;5,624;3,1
Other;54,092;18;889;7,405;1,575;462;35,187;875;4,102;34,302;871;4,387;6,335;562;27,917;4,332;2,233;564;412,549;3,874;5,385;561;2,563;8,349;219;148;12,693;4,107;2,271;100,921;8,655;623;68,693;55,017;1,512;77,029;99,741;28,472;24,823;6,724;24,29;11,422;54,975;7,726;5,729;99;1,502;16,114;15,351;17,886;2,634;2,007;386;14,558;1,707;25,583;5,289;2,167
Non-Family Households;189,402;122;4,644;35,361;5,641;1,647;110,192;3,76;20,637;83,544;2,627;24,166;10,177;3,783;67,534;9,949;10,607;3,352;1,098,844;9,955;39,573;2,681;13,307;18,964;1,487;2,323;34,338;15,302;14,421;290,652;42,329;3,188;193,792;180,666;3,565;149,567;365,219;187,483;58,225;38,737;78,825;49,692;179,085;34,698;24,328;521;7,586;41,8;68,924;44,915;8,663;8,021;2,319;31,456;8,657;74;27,358;7,596
Living Alone;138,073;106;4,015;25,099;4,591;1,446;86,275;3,152;16,244;66,292;2,198;17,918;8,817;3,241;53,702;7,469;8,394;2,767;846,956;8,209;32,192;2,34;10,634;14,964;1,285;1,734;27,031;12,321;11,566;217,407;34,612;2,637;156,113;140,787;2,607;117,994;265,429;129,422;45,993;27,527;59,534;34,27;130,866;24,586;19,653;491;6,177;32,847;52,618;35,424;7,013;6,419;1,952;24,996;6,824;58,566;16,996;5,742
Average Household Size;2.8;3.7;2.4;2.5;2.5;2.9;2.8;2.4;2.6;3.1;2.7;2.4;3.8;2.1;3.1;3.1;2.4;2.2;3.0;3.2;2.4;2.1;2.5;3.3;2.3;2.8;3.3;2.7;2.3;3.0;2.6;2.2;3.2;2.7;3.3;3.3;2.8;2.3;3.1;2.5;2.8;2.9;2.9;2.7;2.4;2.3;2.2;2.8;2.6;3.0;2.9;2.6;2.1;3.3;2.2;3.0;2.8;2.8
Housing Units in 2018;;;;;;;;;;;;;;;;;;;;;;;;;;;;;;;;;;;;;;;;;;;;;;;;;;;;;;;;;;
Total Housing Units (ACS estimate);601,942;1,733;18,278;98,743;27,988;8,004;411,338;11,373;89,763;328,577;10,973;62,826;57,468;9,54;295,756;45,792;35,067;12,758;3,524,321;50,362;112,868;10,388;40,909;84,795;5,263;14,078;141,155;55,557;53,654;1,091,376;161,846;15,772;833,602;567,22;18,614;716,171;1,204,884;393,975;241,055;121,095;276,444;156,21;665,365;105,894;78,535;2,395;24,102;156,896;207,631;181,213;34,315;27,437;8,85;147,791;31,487;287,498;77,512;28,37
Occupied;572,87;299;14,09;86,797;17,417;7,113;392,277;9,799;69,172;304,624;10,017;54,267;44,057;8,083;267,913;42,735;25,966;9,493;3,306,109;44,759;105,258;7,7;34,09;79,606;3,66;4,847;126,052;49,032;40,904;1,032,373;140,661;8,047;718,349;536,029;17,74;630,633;1,118,980;359,673;226,727;105,317;261,969;144,962;635,525;95,756;70,473;1,241;19,257;149,067;189,339;172,682;32,36;24,025;5,796;136,106;22,427;271,226;73,51;26,179
Owner Occupied;305,134;251;10,798;51,358;13,526;4,371;257,528;6,115;52,99;160,944;5,981;30,853;25,717;5,11;155,395;22,114;17,157;6,445;1,514,629;28,627;67,2;5,31;20,173;41,378;2,803;3,014;64,362;31,256;30,406;592,269;100,7;5,868;472,401;300,082;11,264;373,74;593,89;135,275;126,097;63,986;156,864;75,64;360,658;56,873;44,721;1,01;12,633;90,42;115,093;99,079;18,56;15,575;3,868;77,314;15,656;171,554;38,013;15,387
Renter Occupied;267,736;48;3,292;35,439;3,891;2,742;134,749;3,684;16,182;143,68;4,036;23,414;18,34;2,973;112,518;20,621;8,809;3,048;1,791,480;16,132;38,058;2,39;13,917;38,228;857;1,833;61,69;17,776;10,498;440,104;39,961;2,179;245,948;235,947;6,476;256,893;525,09;224,398;100,63;41,331;105,105;69,322;274,867;38,883;25,752;231;6,624;58,647;74,246;73,603;13,8;8,45;1,928;58,792;6,771;99,672;35,497;10,792
Vacant;29,072;1,434;4,188;11,946;10,571;891;19,061;1,574;20,591;23,953;956;8,559;13,411;1,457;27,843;3,057;9,101;3,265;218,212;5,603;7,61;2,688;6,819;5,189;1,603;9,231;15,103;6,525;12,75;59,003;21,185;7,725;115,253;31,191;874;85,538;85,904;34,302;14,328;15,778;14,475;11,248;29,84;10,138;8,062;1,154;4,845;7,829;18,292;8,531;1,955;3,412;3,054;11,685;9,06;16,272;4,002;2,191
For Seasonal or Recreational Use;3,806;1,307;2,359;2,463;8,46;247;2,496;551;16,424;5,396;319;3,366;3,243;719;6,427;124;5,562;1,477;33,165;2,161;2,753;1,241;4,257;398;609;7,532;6,888;3,569;10,261;18,787;14,673;6,354;65,882;2,31;206;43,476;26,242;8,523;1,585;9,92;3,296;3,997;3,667;5,26;2,959;968;2,774;1,038;8,76;420;171;993;2,268;2,736;7,045;5,49;487;360
Residential Building Permits in 2019;;;;;;;;;;;;;;;;;;;;;;;;;;;;;;;;;;;;;;;;;;;;;;;;;;;;;;;;;;
Total Permits Filed;6,402;5;119;1,426;117;37;2,687;30;596;3,393;48;387;398;8;2,261;409;88;12;21,565;644;240;35;132;948;6;69;480;749;502;8,989;2,352;38;8,992;5,588;734;5,607;8,216;3,2;3,499;1,094;1,352;1,175;5,496;429;544;7;50;1,089;2,429;699;140;152;16;1,872;66;1,146;895;538
Single Family;1,972;5;119;885;117;37;1,549;28;578;2,441;44;289;266;8;2,19;382;88;8;5,884;644;179;33;128;948;6;61;391;135;388;3,422;2,045;38;7,002;3,897;727;4,145;3,019;22;2,628;680;354;631;1,876;236;447;7;48;1,078;2,079;611;116;152;16;1,619;66;609;664;538
Two Family;56;0;0;6;0;0;12;2;2;60;4;2;0;0;12;2;0;0;1,408;0;12;2;4;0;0;2;4;2;0;286;2;0;60;160;4;60;110;36;18;8;8;20;22;2;0;0;2;0;0;4;0;0;0;36;0;34;12;0
Three and Four Family;101;0;0;64;0;0;0;0;0;213;0;27;0;0;24;0;0;4;233;0;0;0;0;0;0;6;13;4;0;125;0;0;43;34;3;118;406;40;27;6;12;70;46;26;0;0;0;0;0;3;0;0;0;15;0;31;0;0
Five Families and More;4,273;0;0;471;0;0;1,126;0;16;679;0;69;132;0;35;25;0;0;14,04;0;49;0;0;0;0;0;72;608;114;5,156;305;0;1,887;1,497;0;1,284;4,681;3,102;826;400;978;454;3,552;165;97;0;0;11;350;81;24;0;0;202;0;472;219;0
Median Income;;;;;;;;;;;;;;;;;;;;;;;;;;;;;;;;;;;;;;;;;;;;;;;;;;;;;;;;;;
Median Household Income 2018;$101,744;$55,384;$58,515;$50,945;$62,984;$57,249;$101,463;$48,518;$81,869;$52,318;$47,365;$49,471;$46,633;$53,793;$51,586;$58,255;$45,086;$57,705;$67,986;$53,632;$122,933;$51,402;$51,386;$56,169;$45,227;$66,499;$69,665;$85,624;$66,681;$89,373;$89,175;$55,079;$66,793;$69,475;$80,063;$63,310;$78,777;$110,601;$63,567;$70,626;$122,930;$75,646;$125,933;$84,213;$53,908;$52,308;$47,560;$82,808;$81,002;$59,616;$57,879;$47,572;$40,680;$48,763;$56,500;$84,170;$67,804;$47,504
Median Household Income 2000;$55,551;$39,640;$42,701;$31,963;$41,460;$35,623;$64,040;$30,166;$52,155;$34,930;$32,321;$32,098;$31,651;$36,377;$36,446;$34,724;$29,935;$37,358;$42,045;$35,248;$72,301;$35,151;$36,240;$34,474;$28,859;$44,382;$47,073;$52,262;$46,777;$55,654;$59,153;$38,225;$43,558;$44,796;$56,191;$40,950;$48,363;$55,761;$40,633;$42,498;$70,492;$46,908;$74,705;$53,787;$34,991;$37,770;$30,589;$53,954;$53,193;$40,054;$38,698;$31,575;$28,752;$32,253;$38,770;$57,164;$42,670;$30,954
Percent Change 2000 to 2018;83.2 %;39.7 %;37.0 %;59.4 %;51.9 %;60.7 %;58.4 %;60.8 %;57.0 %;49.8 %;46.5 %;54.1 %;47.3 %;47.9 %;41.5 %;67.8 %;50.6 %;54.5 %;61.7 %;52.2 %;70.0 %;46.2 %;41.8 %;62.9 %;56.7 %;49.8 %;48.0 %;63.8 %;42.6 %;60.6 %;50.8 %;44.1 %;53.3 %;55.1 %;42.5 %;54.6 %;62.9 %;98.3 %;56.4 %;66.2 %;74.4 %;61.3 %;68.6 %;56.6 %;54.1 %;38.5 %;55.5 %;53.5 %;52.3 %;48.8 %;49.6 %;50.7 %;41.5 %;51.2 %;45.7 %;47.2 %;58.9 %;53.5 %
Per Capita Personal Income (PCPI);;;;;;;;;;;;;;;;;;;;;;;;;;;;;;;;;;;;;;;;;;;;;;;;;;;;;;;;;;
2018;$76,644;$73,307;$44,793;$44,346;$49,893;$49,094;$82,506;$37,268;$67,464;$43,084;$48,613;$48,739;$36,974;$61,358;$39,703;$35,306;$43,185;$37,844;$62,224;$39,897;$134,275;$53,143;$50,150;$38,519;$44,822;$51,325;$56,193;$74,984;$61,799;$69,268;$66,700;$53,599;$40,637;$52,544;$53,822;$40,316;$61,386;$130,696;$44,995;$58,491;$126,392;$62,690;$107,877;$69,355;$46,582;$46,615;$45,065;$51,664;$64,501;$44,120;$44,535;$42,483;$40,640;$40,420;$47,838;$61,712;$54,118;$40,929
2008;$48,938;$38,546;$34,244;$32,112;$36,418;$38,857;$58,900;$26,117;$48,375;$30,937;$30,520;$31,646;$28,422;$42,720;$29,524;$25,756;$29,844;$27,009;$43,426;$26,846;$90,692;$34,321;$34,925;$27,235;$33,524;$39,443;$41,023;$47,772;$44,369;$50,021;$48,065;$37,543;$31,624;$39,496;$36,997;$30,148;$45,131;$76,109;$32,306;$39,802;$75,455;$45,734;$61,503;$47,241;$33,117;$28,451;$32,117;$38,219;$43,658;$31,350;$34,516;$27,294;$26,498;$29,090;$32,711;$46,070;$40,253;$30,760
1998;$32,148;$23,593;$21,587;$21,016;$22,709;$22,522;$38,193;$17,153;$31,895;$20,693;$18,302;$22,178;$18,579;$24,275;$20,148;$16,447;$22,191;$16,933;$27,701;$17,741;$58,794;$20,895;$23,363;$18,774;$20,533;$23,697;$28,075;$32,928;$26,839;$33,470;$33,435;$23,799;$22,465;$26,387;$25,942;$20,928;$29,331;$45,191;$22,620;$25,402;$45,966;$29,603;$39,609;$31,927;$23,130;$21,688;$20,973;$24,894;$31,536;$22,168;$23,677;$17,675;$18,755;$19,164;$21,745;$30,025;$25,382;$17,643
1988;$20,414;$16,247;$15,422;$14,327;$15,508;$17,556;$24,315;$12,641;$18,585;$15,213;$14,341;$15,000;$15,261;$16,102;$15,314;$13,105;$14,885;$12,448;$19,361;$13,847;$32,022;$14,954;$14,930;$14,234;$14,303;$18,222;$19,091;$20,581;$16,220;$22,678;$20,479;$14,876;$17,778;$18,225;$15,676;$15,942;$19,484;$26,727;$15,447;$16,202;$26,478;$20,927;$23,220;$19,154;$15,288;$15,126;$14,261;$17,679;$19,610;$15,466;$15,933;$12,456;$13,032;$13,285;$14,388;$19,861;$17,014;$12,649
10-Year pct. Change;56.6 %;90.2 %;30.8 %;38.1 %;37.0 %;26.3 %;40.1 %;42.7 %;39.5 %;39.3 %;59.3 %;54.0 %;30.1 %;43.6 %;34.5 %;37.1 %;44.7 %;40.1 %;43.3 %;48.6 %;48.1 %;54.8 %;43.6 %;41.4 %;33.7 %;30.1 %;37.0 %;57.0 %;39.3 %;38.5 %;38.8 %;42.8 %;28.5 %;33.0 %;45.5 %;33.7 %;36.0 %;71.7 %;39.3 %;47.0 %;67.5 %;37.1 %;75.4 %;46.8 %;40.7 %;63.8 %;40.3 %;35.2 %;47.7 %;40.7 %;29.0 %;55.6 %;53.4 %;38.9 %;46.2 %;34.0 %;34.4 %;33.1 %
20-Year pct. Change;138.4 %;210.7 %;107.5 %;111.0 %;119.7 %;118.0 %;116.0 %;117.3 %;111.5 %;108.2 %;165.6 %;119.8 %;99.0 %;152.8 %;97.1 %;114.7 %;94.6 %;123.5 %;124.6 %;124.9 %;128.4 %;154.3 %;114.7 %;105.2 %;118.3 %;116.6 %;100.2 %;127.7 %;130.3 %;107.0 %;99.5 %;125.2 %;80.9 %;99.1 %;107.5 %;92.6 %;109.3 %;189.2 %;98.9 %;130.3 %;175.0 %;111.8 %;172.4 %;117.2 %;101.4 %;114.9 %;114.9 %;107.5 %;104.5 %;99.0 %;88.1 %;140.4 %;116.7 %;110.9 %;120.0 %;105.5 %;113.2 %;132.0 %
30-Year pct. Change;275.4 %;351.2 %;190.4 %;209.5 %;221.7 %;179.6 %;239.3 %;194.8 %;263.0 %;183.2 %;239.0 %;224.9 %;142.3 %;281.1 %;159.3 %;169.4 %;190.1 %;204.0 %;221.4 %;188.1 %;319.3 %;255.4 %;235.9 %;170.6 %;213.4 %;181.7 %;194.3 %;264.3 %;281.0 %;205.4 %;225.7 %;260.3 %;128.6 %;188.3 %;243.3 %;152.9 %;215.1 %;389.0 %;191.3 %;261.0 %;377.3 %;199.6 %;364.6 %;262.1 %;204.7 %;208.2 %;216.0 %;192.2 %;228.9 %;185.3 %;179.5 %;241.1 %;211.8 %;204.3 %;232.5 %;210.7 %;218.1 %;223.6 %
Personal Income in 2018 ($000);;;;;;;;;;;;;;;;;;;;;;;;;;;;;;;;;;;;;;;;;;;;;;;;;;;;;;;;;;
Total Earnings by Place of Work;$90,615,648;$67,080;$968,733;$5,984,098;$776,723;$742,570;$41,409,579;$581,123;$5,108,495;$28,607,154;$797,698;$4,013,788;$4,609,219;$753,949;$25,570,560;$3,712,990;$1,196,558;$804,792;$455,340,544;$4,141,914;$15,704,409;$433,584;$2,423,851;$5,942,033;$189,051;$529,070;$17,000,783;$7,606,617;$2,795,797;$160,226,122;$14,723,601;$517,004;$54,355,278;$62,692,620;$1,419,514;$57,344,265;$148,501,935;$126,047,600;$19,207,490;$10,031,043;$71,115,741;$18,534,929;$192,911,467;$9,605,618;$4,781,788;$49,321;$974,417;$13,173,788;$19,536,713;$14,912,053;$2,213,233;$1,378,514;$218,850;$11,660,074;$1,319,211;$29,691,873;$10,194,750;$1,900,889
Minus: Contributions for Government Social Insurance;$9,261,192;$6,967;$96,592;$656,180;$85,680;$67,745;$4,304,422;$55,612;$549,497;$2,945,445;$69,279;$382,270;$432,584;$61,996;$2,589,607;$377,923;$131,880;$72,739;$46,398,988;$372,206;$1,445,922;$43,691;$255,912;$581,779;$19,397;$51,829;$1,655,322;$757,002;$293,980;$16,974,083;$1,638,807;$54,830;$5,884,499;$6,116,835;$144,471;$6,264,552;$15,759,385;$11,802,889;$2,060,595;$1,003,621;$6,683,818;$1,837,146;$18,553,479;$942,297;$546,727;$4,711;$114,967;$1,433,104;$2,031,916;$1,566,182;$237,541;$150,225;$24,146;$1,118,782;$144,356;$3,118,028;$913,236;$193,490
Personal Contributions for Government Social Insurance;$4,962,094;$3,840;$59,442;$373,837;$56,534;$32,960;$2,399,574;$33,667;$322,272;$1,560,719;$36,391;$226,359;$231,226;$39,645;$1,358,718;$183,640;$81,924;$39,544;$25,448,332;$200,760;$863,517;$26,978;$153,140;$303,665;$11,528;$27,781;$842,713;$410,844;$182,062;$9,094,151;$896,448;$33,291;$3,267,324;$3,302,211;$77,516;$3,331,109;$8,241,899;$6,816,085;$1,101,725;$575,625;$4,017,609;$987,399;$10,926,759;$522,989;$314,354;$3,278;$67,807;$768,877;$1,129,553;$838,106;$130,807;$85,067;$15,623;$588,977;$87,395;$1,685,531;$482,806;$101,072
Employer Contributions for Government Social Insurance;$4,299,098;$3,127;$37,150;$282,343;$29,146;$34,785;$1,904,848;$21,945;$227,225;$1,384,726;$32,888;$155,911;$201,358;$22,351;$1,230,889;$194,283;$49,956;$33,195;$20,950,656;$171,446;$582,405;$16,713;$102,772;$278,114;$7,869;$24,048;$812,609;$346,158;$111,918;$7,879,932;$742,359;$21,539;$2,617,175;$2,814,624;$66,955;$2,933,443;$7,517,486;$4,986,804;$958,870;$427,996;$2,666,209;$849,747;$7,626,720;$419,308;$232,373;$1,433;$47,160;$664,227;$902,363;$728,076;$106,734;$65,158;$8,523;$529,805;$56,961;$1,432,497;$430,430;$92,418
Plus: Adjustment for Residence;$8,442,476;($20,289);$37,341;$113,726;$442,061;($51,373);$24,814,162;($39,921);$3,811,902;($332,053);$57,705;($3,267);($179,104);($29,868);($399,935);($194,035);$295,781;($98,242);($21,670,611);$104,777;$6,295,976;$121,510;($10,611);$834,139;$2,165;($56,640);($103,735);($377,392);$840,861;($1,040,046);$4,436,336;($8,330);$15,253,902;($5,798,568);$1,063,277;$4,817,138;($2,668,849);($37,486,234);$3,933,524;$653,779;$77,130;($869,761);($24,563,778);$3,405,986;$39,076;$22,949;($37,353);$3,302,145;$1,881,947;$1,776,618;$610,059;$146,091;($1,934);$755,988;$72,086;$7,306,219;($1,758,482);$83,133
Net Earnings by Place of Residence;$89,796,932;$39,824;$909,482;$5,441,644;$1,133,104;$623,452;$61,919,319;$485,590;$8,370,900;$25,329,656;$786,124;$3,628,251;$3,997,531;$662,085;$22,581,018;$3,141,032;$1,360,459;$633,811;$387,270,945;$3,874,485;$20,554,463;$511,403;$2,157,328;$6,194,393;$171,819;$420,601;$15,241,726;$6,472,223;$3,342,678;$142,211,993;$17,521,130;$453,844;$63,724,681;$50,777,217;$2,338,320;$55,896,851;$130,073,701;$76,758,477;$21,080,419;$9,681,201;$64,509,053;$15,828,022;$149,794,210;$12,069,307;$4,274,137;$67,559;$822,097;$15,042,829;$19,386,744;$15,122,489;$2,585,751;$1,374,380;$192,770;$11,297,280;$1,246,941;$33,880,064;$7,523,032;$1,790,532
Plus: Dividends, Rent, Interest;$23,893,144;$23,996;$422,882;$2,200,947;$587,575;$258,386;$23,304,194;$202,910;$2,687,358;$7,799,174;$286,281;$1,511,356;$978,415;$216,247;$5,934,316;$1,035,384;$545,495;$239,581;$143,498,779;$1,128,616;$12,033,050;$200,147;$1,100,038;$1,785,941;$94,705;$236,636;$5,803,434;$2,730,698;$1,689,641;$55,095,020;$5,270,546;$286,286;$17,186,911;$14,749,662;$542,837;$14,007,350;$47,343,461;$31,006,167;$5,496,389;$4,502,181;$27,544,536;$8,741,773;$45,652,870;$4,666,423;$1,706,264;$41,100;$510,397;$4,008,263;$8,296,321;$4,145,842;$814,148;$631,048;$138,088;$3,146,405;$677,539;$11,780,998;$2,715,168;$473,136
Plus: Transfer Payments;$14,056,357;$16,891;$431,725;$2,612,785;$554,556;$179,910;$9,676,490;$348,604;$1,805,635;$9,713,982;$291,040;$1,507,017;$1,746,928;$225,319;$7,088,509;$1,167,651;$874,409;$292,268;$98,039,008;$1,287,515;$2,279,195;$216,920;$1,136,079;$2,603,357;$126,882;$74,146;$3,432,019;$1,251,186;$1,128,771;$23,377,671;$3,431,405;$267,753;$18,680,088;$15,442,208;$430,889;$17,645,803;$27,819,231;$7,679,937;$7,289,235;$2,428,664;$5,211,022;$3,423,054;$13,572,864;$2,285,280;$2,406,153;$30,580;$637,907;$4,022,463;$4,563,544;$4,989,590;$911,387;$709,945;$178,563;$4,386,384;$684,552;$6,853,986;$1,689,743;$930,443
Equals: Personal Income by Place of Residence;$127,746,433;$80,711;$1,764,089;$10,255,376;$2,275,235;$1,061,748;$94,900,003;$1,037,104;$12,863,893;$42,842,812;$1,363,445;$6,646,624;$6,722,874;$1,103,651;$35,603,843;$5,344,067;$2,780,363;$1,165,660;$628,808,732;$6,290,616;$34,866,708;$928,470;$4,393,445;$10,583,691;$393,406;$731,383;$24,477,179;$10,454,107;$6,161,090;$220,684,684;$26,223,081;$1,007,883;$99,591,680;$80,969,087;$3,312,046;$87,550,004;$205,236,393;$115,444,581;$33,866,043;$16,612,046;$97,264,611;$27,992,849;$209,019,944;$19,021,010;$8,386,554;$139,239;$1,970,401;$23,073,555;$32,246,609;$24,257,921;$4,311,286;$2,715,373;$509,421;$18,830,069;$2,609,032;$52,515,048;$11,927,943;$3,194,111
Poverty Estimates;;;;;;;;;;;;;;;;;;;;;;;;;;;;;;;;;;;;;;;;;;;;;;;;;;;;;;;;;;
Poverty Rate in 2018;9.0;17.3;11.8;18.5;12.1;11.0;7.8;20.4;8.1;21.3;15.4;20.3;21.4;12.3;20.5;18.8;18.4;15.8;14.2;20.2;6.6;14.9;17.5;21.2;19.1;9.3;13.3;8.8;10.3;10.5;7.1;12.5;12.7;14.3;8.6;14.9;11.5;10.1;14.3;12.7;6.8;12.6;7.3;12.2;15.2;13.3;17.1;7.9;9.9;15.6;13.5;17.0;21.6;22.2;12.5;9.1;20.1;17.2
Poverty Rate for Children under 18 in 2018;9.8;34.7;13.8;20.1;17.5;14.1;9.2;26.6;9.0;30.2;18.6;23.2;30.2;15.1;27.4;23.2;26.3;15.8;19.9;28.5;6.4;23.2;25.5;28.5;27.2;11.6;19.2;8.9;13.7;13.3;7.2;19.6;17.1;20.5;11.9;21.4;14.9;10.9;20.5;10.8;7.0;14.7;7.1;14.5;18.2;18.0;24.2;10.2;11.7;21.4;18.0;24.2;31.3;28.6;16.5;12.4;15.2;21.8
Labor Force Annual Averages in 2019;;;;;;;;;;;;;;;;;;;;;;;;;;;;;;;;;;;;;;;;;;;;;;;;;;;;;;;;;;
Total Labor Force;844,346;551;14,9;99,242;21,428;10,993;561,757;9,674;92,022;450,76;12,997;62,507;71,411;8,76;390,999;57,788;29,158;9,869;5,121,584;61,945;139,979;7,612;38,934;116,226;3,171;8,508;222,516;74,004;48,639;1,623,421;187,932;7,903;1,104,035;712,394;31,432;967,719;1,590,591;583,186;327,077;140,931;460,044;217,882;1,053,723;142,277;74,353;1,326;17,227;209,527;259,394;243,454;45,785;25,65;4,693;203,98;21,317;423,39;108,658;29,997
Labor Force 5-Year Pct. Chg;4.5 %;8.0 %;3.8 %;-2.0 %;5.9 %;-0.8 %;4.1 %;-2.6 %;4.7 %;2.9 %;1.5 %;0.2 %;-8.8 %;-4.9 %;-0.4 %;0.6 %;-0.4 %;-8.8 %;2.6 %;0.2 %;0.9 %;-5.9 %;-3.6 %;1.7 %;-5.8 %;3.2 %;2.2 %;0.8 %;1.7 %;3.5 %;7.1 %;-2.4 %;9.2 %;4.9 %;7.7 %;6.9 %;3.2 %;10.3 %;4.8 %;0.5 %;7.8 %;0.0 %;6.4 %;0.0 %;-0.7 %;-6.1 %;-4.3 %;3.3 %;1.3 %;1.2 %;3.4 %;2.3 %;-9.2 %;2.9 %;-1.2 %;-1.6 %;6.3 %;7.5 %
Labor Force 10-Year Pct. Chg;11.0 %;23.5 %;-16.4 %;-4.3 %;5.4 %;-4.5 %;7.0 %;-17.2 %;0.4 %;3.9 %;3.3 %;2.7 %;-5.5 %;-6.7 %;7.8 %;-4.5 %;14.9 %;-27.2 %;4.2 %;-6.8 %;6.1 %;-19.0 %;-10.1 %;10.3 %;-21.6 %;-2.6 %;3.3 %;-2.1 %;-3.5 %;2.1 %;4.6 %;-21.1 %;20.6 %;4.6 %;26.4 %;12.8 %;2.3 %;26.9 %;9.8 %;3.3 %;22.9 %;-1.0 %;20.4 %;-3.6 %;-11.4 %;-16.9 %;-12.2 %;-2.3 %;1.1 %;3.8 %;9.3 %;1.2 %;-5.9 %;0.4 %;-17.1 %;-1.6 %;10.0 %;5.8 %
Employed;819,675;523;14,328;94,162;20,616;9,586;544,496;9,119;88,785;418,092;12,201;60,254;58,331;8,45;360,783;53,222;27,687;9,416;4,894,296;57,651;136,786;7,262;37,388;106,866;2,947;8,195;208,717;71,9;47,022;1,578,334;182,093;7,296;1,057,884;686,298;29,845;930,709;1,539,948;570,412;307,854;136,914;450,647;209,843;1,027,527;135,53;70,878;1,255;16,109;201,672;252,428;228,753;42,44;24,228;4,436;184,353;20,366;408,169;104,22;28,182
Employed 5-Year Pct. Chg;7.7 %;11.8 %;8.9 %;1.8 %;10.7 %;4.7 %;7.5 %;2.1 %;8.6 %;7.9 %;6.7 %;3.5 %;-1.9 %;-1.6 %;2.6 %;5.2 %;3.8 %;-4.2 %;6.9 %;5.0 %;2.9 %;-1.6 %;-0.5 %;7.2 %;-2.4 %;7.0 %;5.4 %;3.8 %;5.2 %;6.4 %;10.7 %;1.8 %;14.0 %;9.0 %;12.8 %;11.7 %;6.8 %;12.8 %;10.3 %;3.4 %;10.2 %;2.6 %;9.4 %;4.4 %;4.7 %;-1.2 %;0.6 %;7.5 %;4.4 %;7.0 %;9.7 %;6.9 %;-5.3 %;7.1 %;3.3 %;1.7 %;10.2 %;13.8 %
Employed 10-Year Pct. Chg;20.0 %;36.6 %;-9.2 %;3.5 %;17.4 %;1.0 %;15.2 %;-11.5 %;8.7 %;12.9 %;13.0 %;10.9 %;6.3 %;-1.1 %;15.7 %;2.6 %;28.4 %;-20.8 %;12.6 %;0.1 %;12.1 %;-13.9 %;-4.0 %;21.6 %;-17.1 %;2.8 %;9.5 %;3.8 %;4.0 %;8.7 %;12.8 %;-13.9 %;32.9 %;13.2 %;39.5 %;24.2 %;9.3 %;36.0 %;21.5 %;10.1 %;31.2 %;3.9 %;31.3 %;3.2 %;-1.4 %;-7.5 %;-4.3 %;4.9 %;8.6 %;15.5 %;21.3 %;10.7 %;6.9 %;6.6 %;-9.9 %;5.0 %;18.6 %;19.5 %
Unemployed;24,671;28;572;5,08;812;1,407;17,261;555;3,237;32,668;796;2,253;13,08;310;30,216;4,566;1,471;453;227,288;4,294;3,193;350;1,546;9,36;224;313;13,799;2,104;1,617;45,087;5,839;607;46,151;26,096;1,587;37,01;50,643;12,774;19,223;4,017;9,397;8,039;26,196;6,747;3,475;71;1,118;7,855;6,966;14,701;3,345;1,422;257;19,627;951;15,221;4,438;1,815
Unemployed 5-Year Pct. Chg;-47.5 %;-33.3 %;-52.0 %;-41.9 %;-49.8 %;-26.9 %;-48.1 %;-44.5 %;-47.2 %;-35.6 %;-41.6 %;-45.7 %;-30.4 %;-50.6 %;-26.0 %;-33.3 %;-43.8 %;-54.0 %;-44.9 %;-38.0 %;-46.1 %;-50.7 %;-45.3 %;-36.2 %;-35.1 %;-46.1 %;-29.8 %;-49.5 %;-48.4 %;-47.6 %;-46.9 %;-35.0 %;-44.3 %;-47.4 %;-41.7 %;-48.9 %;-48.8 %;-44.7 %;-41.5 %;-48.6 %;-47.8 %;-39.6 %;-48.6 %;-45.8 %;-51.7 %;-50.0 %;-44.0 %;-48.5 %;-51.5 %;-45.3 %;-40.2 %;-41.0 %;-47.3 %;-24.6 %;-49.0 %;-46.7 %;-42.3 %;-41.9 %
Unemployed 10-Year Pct. Chg;-68.4 %;-55.6 %;-71.9 %;-60.1 %;-70.6 %;-30.6 %;-66.9 %;-59.7 %;-67.5 %;-48.7 %;-55.3 %;-65.3 %;-36.8 %;-63.1 %;-40.8 %;-47.0 %;-61.4 %;-72.9 %;-60.1 %;-51.6 %;-67.8 %;-63.8 %;-64.5 %;-46.5 %;-54.2 %;-59.2 %;-44.3 %;-66.7 %;-68.7 %;-67.2 %;-68.1 %;-60.6 %;-61.5 %;-65.2 %;-54.3 %;-65.9 %;-65.3 %;-68.0 %;-56.8 %;-66.5 %;-69.4 %;-55.6 %;-71.7 %;-58.8 %;-71.1 %;-70.2 %;-60.0 %;-64.8 %;-71.1 %;-59.6 %;-51.5 %;-58.9 %;-69.3 %;-34.9 %;-69.6 %;-63.3 %;-59.2 %;-62.0 %
Unemployment Rate;2.9;5.1;3.8;5.1;3.8;12.8;3.1;5.7;3.5;7.2;6.1;3.6;18.3;3.5;7.7;7.9;5.0;4.6;4.4;6.9;2.3;4.6;4.0;8.1;7.1;3.7;6.2;2.8;3.3;2.8;3.1;7.7;4.2;3.7;5.0;3.8;3.2;2.2;5.9;2.9;2.0;3.7;2.5;4.7;4.7;5.4;6.5;3.7;2.7;6.0;7.3;5.5;5.5;9.6;4.5;3.6;4.1;6.1
Unemployment Rate 5-Year Pct. Chg;-50.0 %;-37.8 %;-54.2 %;-40.7 %;-52.5 %;-26.4 %;-50.0 %;-43.6 %;-50.0 %;-37.9 %;-43.0 %;-46.3 %;-23.8 %;-48.5 %;-26.0 %;-33.6 %;-43.8 %;-49.5 %;-47.0 %;-38.4 %;-46.5 %;-47.7 %;-42.9 %;-36.7 %;-30.4 %;-47.9 %;-31.1 %;-50.9 %;-49.2 %;-49.1 %;-50.8 %;-33.0 %;-48.8 %;-49.3 %;-46.2 %;-52.5 %;-50.0 %;-50.0 %;-43.8 %;-48.2 %;-52.4 %;-39.3 %;-51.9 %;-46.0 %;-51.0 %;-46.5 %;-41.4 %;-50.7 %;-51.8 %;-46.4 %;-42.1 %;-42.7 %;-41.5 %;-26.7 %;-47.7 %;-45.5 %;-45.3 %;-45.5 %
Unemployment Rate 10-Year Pct. Chg;-71.8 %;-63.8 %;-66.7 %;-58.5 %;-72.1 %;-27.3 %;-69.0 %;-51.7 %;-67.9 %;-51.0 %;-56.7 %;-66.4 %;-33.2 %;-61.1 %;-45.4 %;-44.4 %;-66.7 %;-62.6 %;-62.1 %;-48.5 %;-69.3 %;-55.3 %;-60.0 %;-51.2 %;-41.3 %;-58.0 %;-46.1 %;-66.7 %;-68.0 %;-67.8 %;-69.6 %;-50.0 %;-67.9 %;-66.4 %;-64.3 %;-70.1 %;-66.0 %;-74.7 %;-60.4 %;-67.0 %;-75.6 %;-54.9 %;-76.4 %;-57.7 %;-67.1 %;-63.8 %;-54.2 %;-64.4 %;-71.3 %;-61.3 %;-55.8 %;-59.6 %;-67.3 %;-35.6 %;-63.1 %;-62.5 %;-62.7 %;-63.7 %
Educational Attainment in 2018;;;;;;;;;;;;;;;;;;;;;;;;;;;;;;;;;;;;;;;;;;;;;;;;;;;;;;;;;;
Total Population 25 and Older;1,156,404;784;29,52;147,89;34,602;13,634;777,519;19,437;134,716;596,505;17,924;91,946;109,338;13,244;532,1;92,321;46,394;22,39;6,845,489;97,015;190,541;13,659;61,799;158,034;6,773;10,042;274,528;98,22;75,777;2,151,512;265,483;14,43;1,530,229;1,012,283;38,076;1,331,752;2,223,376;689,551;458,237;187,561;547,899;273,815;1,323,801;178,865;126,151;2,33;31,792;299,653;357,968;339,918;62,221;43,334;9,966;269,073;41,123;566,685;126,055;47,201
Less than 9th Grade;72,042;25;727;5,732;1,152;2,681;44,759;865;3,134;84,595;2,467;2,593;18,44;562;72,415;11,849;2,62;854;862,926;16,376;7,366;435;3,725;29,236;476;651;53,527;9,562;1,491;176,79;5,604;214;139,524;65,658;5,303;121,695;149,313;48,708;51,38;7,742;34,862;33,512;89,149;16,298;3;10;1,012;17,045;22,149;39,361;7,88;3,093;145;50,901;782;54,147;9,026;3,603
9th to 12th, No Diploma;67,192;62;2,137;10,091;2,18;1,493;37,815;2,819;6,165;62,794;1,959;6,285;15,488;916;67,169;12,421;4,252;2,999;597,792;10,902;5,517;881;4,376;19,197;498;480;25,289;5,108;2,895;143,55;8,799;660;140,771;62,194;2,355;151,17;136,695;30,7;45,525;9,381;24,477;18,53;68,538;8,025;8,606;146;2,169;18,986;20,682;34,303;5,817;3,673;787;30,444;3,154;34,038;8,154;4,875
High School Graduate (includes equiv.);203,838;225;8,461;33,611;9,557;3,225;136,61;6,131;28,621;136,851;5,058;21,615;26,758;3,883;147,239;23,54;13,951;7,444;1,416,482;24,249;20,858;3,622;15,925;40,839;2,185;2,29;56,133;17,644;13,945;368,858;48,289;3,638;411,949;225,825;9,44;352,296;409,272;84,63;129,211;37,163;82,174;49,059;191,695;28,222;31,314;620;8,118;69,822;67,183;97,071;14,879;13,319;3,325;69,974;11,68;107,135;23,271;10,898
Some College, No Degree;207,018;205;8,751;44,001;11;2,814;169,705;5,229;36,552;138,098;4,416;25,314;25,98;3,384;121,06;23,995;12,892;6,216;1,314,543;23,76;32,405;4,182;17,621;35,467;1,765;2,818;50,049;22,545;21,746;436,936;70,551;4,717;381,521;251,91;9,794;326,114;498,566;95,239;104,891;48,65;94,317;58,863;203,285;38,82;40,608;806;9,692;84,913;88,952;85,468;15,827;13,211;2,965;58,87;12,812;130,945;24,627;14,749
Associate Degree;74,613;32;3,447;15,195;4,239;1,318;64,293;1,611;14,847;50,76;1,54;8,759;6,87;1,047;38,465;8,078;5,355;2,18;476,265;7,644;12,377;1,342;4,911;11,244;771;727;22,373;9,084;7,946;167,74;29,895;1,811;122,746;98,57;3,698;110,449;181,508;36,27;42,744;19,702;38,439;21,217;91,636;15,89;14,628;312;3,638;30,391;34,129;26,192;6,794;3,329;779;20,391;4,457;52,862;8,553;5,21
Bachelor's Degree;305,74;149;3,91;25,926;4,386;1,571;203,101;1,619;29,222;82,089;1,947;18,017;10,794;2,127;57,03;8,784;4,759;1,787;1,416,842;9,696;63,261;1,997;10,087;14,395;706;2,336;40,485;22,549;17,914;553,419;68,639;1,922;212,065;203,352;5,164;175,216;521,525;236,593;57,633;40,138;157,556;54,801;361,683;42,317;18,432;207;4,73;54,826;78,692;39,083;7,345;4,82;1,482;25,71;5,286;117,739;26,649;5,531
Graduate, Professional or Doctorate Degree;225,961;86;2,087;13,334;2,088;532;121,236;1,163;16,175;41,318;537;9,363;5,008;1,325;28,722;3,654;2,565;910;760,639;4,388;48,757;1,2;5,154;7,656;372;740;26,672;11,728;9,84;304,219;33,706;1,468;121,653;104,774;2,322;94,812;326,497;157,411;26,853;24,785;116,074;37,833;317,815;29,293;9,563;229;2,433;23,67;46,181;18,44;3,679;1,889;483;12,783;2,952;69,819;25,775;2,335
Produced by: Stats America 5/13/2020 10:48:50 AM;;;;;;;;;;;;;;;;;;;;;;;;;;;;;;;;;;;;;;;;;;;;;;;;;;;;;;;;;;
